Muffin, https://www.allrecipes.com/recipe/6874/best-ever-muffins/, 2 cups all-purpose flour, 3 teaspoons baking powder, 0.5 teaspoon salt, 0.75 cup white sugar, 1 egg, 1 cup milk, 0.25 cup vegetable oil
Butter Cookies, https://www.allrecipes.com/recipe/10011/butter-cookies-ii/, 1 cup butter, 1 cup white sugar, 1 egg, 2.66666666666666666666 cups all-purpose flour, 0.25 teaspoon salt, 2 teaspoons vanilla extract
Brownie, https://www.allrecipes.com/recipe/10549/best-brownies/, 2 eggs, 0.5 cup butter, 1 cup white sugar, 1 tsp vanilla extract, 0.333 cup unsweetened cocoa powder, 0.5 cup all-purpose flour, 0.25 teaspoon salt, 0.25 tsp baking powder
Pound cake, https://sugarspunrun.com/best-pound-cake-recipe/, 455 g butter, 700 g granulated sugar, 6 large eggs, 6 egg yolks, 1 tbsp vanilla extract, 1 tsp salt, 438 g all-purpose flour
Chocolate Cake Pan Cake, https://www.kingarthurbaking.com/recipes/king-arthurs-original-cake-pan-cake-recipe, 177g King Arthur Unbleached All-Purpose Flour, 198g sugar, 21g Dutch-process cocoa, 0.5 teaspoon salt, 0.5 teaspoon espresso powder, 1 teaspoon baking soda, 1 teaspoon vanilla extract, 14g vinegar, 67g vegetable oil, 227g cold water
Old Fashioned Sugar Cookie, https://www.foodnetwork.com/recipes/old-fashioned-sugar-cookies-recipe2-1957906, 1 cup (2 sticks) unsalted butter, 1 cup granulated sugar, 2 eggs, 1 teaspoon vanilla, 3 cups all-purpose flour, 2 teaspoons baking powder, 1 teaspoon salt
Chocolate Chip Cookies, https://joyfoodsunshine.com/the-most-amazing-chocolate-chip-cookies/, 1 cup salted butter, 1 cup white sugar, 1 cup brown sugar, 2 tsp vanilla extract, 2 large eggs, 3 cups all-purpose flour, 1 tsp baking soda, 1/2 tsp baking powder, 1 tsp sea salt, 2 cups chocolate chips
Sugar Cookies, https://www.allrecipes.com/recipe/9870/easy-sugar-cookies/, 2 3/4 cups all-purpose flour, 1 teaspoon baking soda, 1/2 teaspoon baking powder, 1 cup butter, softened, 1 1/2 cups white sugar, 1 egg, 1 teaspoon vanilla extract
Peanut Butter Cookie, https://www.epicurious.com/recipes/food/views/3-ingredient-peanut-butter-cookies, 1 large egg, 1 cup creamy peanut butter, 1 cup sugar, 1 tsp sea salt
Chewy Molasses Cookie, https://www.epicurious.com/recipes/food/views/chewy-molasses-cookies-51205630, 2 cups all-purpose flour, 2 teaspoons baking soda, 1 1/2 teaspoons ground cinnamon, 1 teaspoon ground ginger, 3/4 teaspoons ground cardamom, 1/2 teaspoons kosher salt, 1 large egg, 1/2 cup (1 stick) unsalted butter, melted, 1/3 cup granulated sugar, 1/3 cup mild-flavored (light) or robust-flavored (dark) molasses, 1/4 cup (packed) dark brown sugar, Coarse sanding or raw sugar (for rolling)
Chocolate Chunk Cookie, https://www.epicurious.com/recipes/food/views/chocolate-chunk-share-cookie-56390161, 6 tablespoons unsalted butter, 3/4 cup (135g) brown sugar, 1/4 cup (55g) superfine sugar,1 egg, 2 teaspoons vanilla extract, 1 cup (150g) plain (all-purpose) flour, 1/8 teaspoon baking soda, 1/4 cup (25g) cocoa powder, 1 1/2 ounces milk chocolate, chopped, 1 1/2 ounces white chocolate
Brown Butter Shortbread, https://www.epicurious.com/recipes/food/views/3-ingredient-brown-butter-shortbread, 1 cup (2 sticks) unsalted butter, 1/2 cup powdered sugar, 2 cups all-purpose flour, 1/4 teaspoon kosher salt
Almond-Oat Lace Cookies, https://www.epicurious.com/recipes/food/views/almond-oat-lace-cookies-368969, 1/2 cup unsalted almonds, 2 tablespoons old-fashioned oats, 6 tablespoons (3/4 stick) unsalted butter, 6 tablespoons superfine sugar, 2 tablespoons (packed) light brown sugar, 1 1/2 teaspoons honey, 1 tablespoon all-purpose flour, 1/4 teaspoon kosher salt, 4 ounces bittersweet chocolate
Pannelet Cookies with Sweet Potato and Coconut, https://www.epicurious.com/recipes/food/views/pannelet-cookies-with-sweet-potato-and-coconut, 1 cup (8 ounces) mashed or puréed baked orange-fleshed yam, 2 cups (6 ounces) unsweetened dried shredded coconut, 1 1/3 cups (9.3 ounces) sugar, 2 large egg whites, 3/8 teaspoon salt, 1 teaspoon finely grated lemon zest, 1 cup (5 ounces) whole almonds
Cinnamon-Chocolate Chunk Skillet Cookie, https://www.epicurious.com/recipes/food/views/cinnamon-chocolate-chunk-skillet-cookie, 1 1/2 cups all-purpose flour, 2 teaspoons ground cinnamon, 1 teaspoon baking powder, 1 teaspoon espresso powder, 1/2 teaspoon baking soda, 1/2 teaspoon kosher salt, 2 large eggs, 1 teaspoon vanilla extract, 10 tablespoons unsalted butter, 3/4 cup granulated sugar, 3/4 cup (packed) light brown sugar, 8 ounces high-quality milk chocolate
Chewy Ginger-Rye Cookies, https://www.epicurious.com/recipes/food/views/chewy-ginger-rye-cookies, 1 cup (128 g) all-purpose flour, 1 1/4 tsp baking soda, 1 1/2 tsp ground cinnamon, 1/4 tsp ground cloves, 3/4 cup (110 g) plus 6 Tbsp. (60 g) rye flour, 3 tsp. ground ginger, 1 1/4 tsp. kosher salt, 1/3 cup (50 g) finely chopped crystallized ginger, 2/3 cup robust-flavored (dark) molasses, 1/4 cup (packed; 50 g) dark brown sugar, 3/4 cup (1 1/2 sticks) unsalted butter, melted, plus 2 Tbsp. unsalted butter, 2 large egg yolks, 6 Tbsp (90 g) raw sugar
Hazelnut Cookies, https://www.epicurious.com/recipes/food/views/3-ingredient-hazelnut-cookies, 2/3 cup hazelnuts, 1 large egg white, Pinch of kosher salt, 1/3 cup sugar
Oatmeal Raisin Cookies, https://www.epicurious.com/recipes/food/views/quaker-vanishing-oatmeal-raisin-cookies, 1/2 cups plus 6 tablespoons butter, softened, 3/4 cups firmly packed brown sugar, 1/2 cups granulated sugar, 2 eggs, 1 teaspoon vanilla, 1 1/2 cups all-purpose flour, 1 teaspoon baking soda, 1 teaspoon ground cinnamon, 1/2 teaspoon salt (optional), 3 cups Quaker Oats (quick or old fashioned, uncooked), 1 cup raisins
Crunch Bars, https://www.epicurious.com/recipes/food/views/crunch-bars-51135030, 1 cup (2 sticks) unsalted butter, 1/2 cup (packed) light brown sugar, 1/4 cup sugar, 1/2 teaspoons fine sea salt, 1 1/2 teaspoons vanilla extract, 1 1/2 cups all-purpose flour, 6 ounces semisweet or bittersweet chocolate or high-quality milk chocolate, 1 1/2 cups assorted toppings, such as cocoa nibs, crushed candy, toasted chopped almonds and pistachios, lightly toasted coconut, and popcorn, Flaky sea salt
Butterscotch-Potato Chip Balls, https://www.epicurious.com/recipes/food/views/butterscotch-potato-chip-balls-cookies, 2 1/3 cups (325 g) all-purpose flour, 1 tsp baking soda, 1 tsp table salt, 1 cup (180 g) butterscotch chips, 1 cup (220 g) unsalted butter, 1 cup (200 g) packed light brown sugar, 1/2 cup (100 g) granulated sugar, 1 egg, 1 egg yolk, 2 tsp pure vanilla extract, 5 cups (175 g) kettle-style potato chips, 1 tsp Flaky sea salt
Levain Chocolate Chip Cookies, https://www.youtube.com/watch?v=NYH1Z7TUSEI, 115 g granulated sugar, 285 g brown sugar, 280 g melted butter, 2 eggs, 3 egg yolks, 275g all-purpose flour, 230g cake flour, 8 g corn starch, 5g kosher salt, 450 g dark chocolate, 165 g walnuts, 6 g baking soda
Extra-Tangy Sourdough Bread, https://www.kingarthurbaking.com/recipes/extra-tangy-sourdough-bread-recipe, 227g ripe sourdough starter, 340g lukewarm water, 602g King Arthur Unbleached All-Purpose flour, 2 1/2 teaspoons salt
No-Knead Crusty White Bread, https://www.kingarthurbaking.com/recipes/no-knead-crusty-white-bread-recipe, 907g King Arthur Unbleached All-Purpose flour, 680g lukewarm water, 1 tablespoon salt, 14g instant yeast or active dry yeast
Naturally Leavened Sourdough Bread, https://www.kingarthurbaking.com/recipes/naturally-leavened-sourdough-bread-recipe, 454g ripe (fed) sourdough starter, 602g King Arthur Unbleached All-Purpose Flour, 85g King Arthur Premium Whole Wheat Flour, 397g room-temperature water, 2 1/2 teaspoons salt
Rustic Sourdough Bread, https://www.kingarthurbaking.com/recipes/rustic-sourdough-bread-recipe, 227g ripe (fed) sourdough starter, 340g lukewarm water, 1.5 teaspoons instant yeast, 2.5 teaspoons salt, 602g King Arthur Unbleached All-Purpose Flour
Sourdough Focaccia, https://www.kingarthurbaking.com/recipes/sourdough-focaccia-recipe, 1 1/2 cups (340g) ripe (fed) sourdough starter, 1 1/2 cups (340g) lukewarm water, 6 cups (723g) King Arthur Unbleached Bread Flour, 6 tablespoons (74g) olive oil, plus extra for the pan and the top of the focaccia, 1 tablespoon salt, 2 tablespoons (43g) honey, 1 tablespoon instant yeast
Sourdough English Muffins, https://www.kingarthurbaking.com/recipes/sourdough-english-muffins-recipe, 2 tablespoons (25g) sugar, 2 cups (454g) warm water (110°F-115°F), 1 tablespoon active dry yeast or instant yeast, 1 cup (227g) sourdough starter, ripe (fed) or discard; ripe will give you a more vigorous rise, 7 cups (843g) King Arthur Unbleached All-Purpose Flour, 1/2 cup (56g) Baker's Special Dry Milk or nonfat dry milk, 4 tablespoons (57g) butter, at room temperature, 1 tablespoon salt, 1/4 teaspoon sour salt (citric acid), optional; for enhanced sour flavor
Cinnamon Raisin Sourdough Bread, https://www.kingarthurbaking.com/recipes/cinnamon-raisin-sourdough-bread-recipe, 1/2 cup (113g) sourdough starter, ripe (fed) or discard, 3 cups (361g) King Arthur Unbleached All-Purpose Flour, 2 1/2 teaspoons instant yeast, 1 tablespoon sugar, 1 1/4 teaspoons salt, 1 large egg, 5 tablespoons (71g) butter, softened, 2/3 cup (152g) lukewarm water
Buttery Sourdough Sandwich Biscuits, https://www.kingarthurbaking.com/recipes/buttery-sourdough-sandwich-biscuits-recipe, 1 cup (120g) King Arthur Unbleached All-Purpose Flour, 2 teaspoons baking powder, 3/4 teaspoon salt, 8 tablespoons (113g) unsalted butter, cold, 1 cup (227g) sourdough starter, unfed/discard
Sourdough Pizza Crust, https://www.kingarthurbaking.com/recipes/sourdough-pizza-crust-recipe, 1 cup (227g) sourdough starter, unfed/discard, 1/2 cup (113g) lukewarm water, 2 1/2 cups (298g) King Arthur Unbleached All-Purpose Flour, 1 teaspoon salt, 1/2 teaspoon instant or active dry yeast, a4 teaspoons Pizza Dough Flavor, optional but delicious
Multigrain Sourdough Boule, https://www.kingarthurbaking.com/recipes/multigrain-sourdough-boule-recipe, 1 cup (227g) boiling water, 1 cup (142g) Harvest Grains Blend, 2 cups (454g) ripe (fed) sourdough starter, 1 3/4 cups (198g) King Arthur White Whole Wheat Flour, 1 3/4 cups (206g) King Arthur Unbleached All-Purpose Flour, 2 1/2 teaspoons salt, 1 1/2 teaspoons instant yeast, 2 tablespoons (25g) vegetable oil, 1 tablespoon sesame seeds
Sourdough Sandwich Bread, https://www.kingarthurbaking.com/recipes/sourdough-sandwich-bread-recipe, 1 cup + 1 tablespoon (128g) King Arthur Unbleached All-Purpose Flour, 1/2 cup + 1 tablespoon (128g) cool water (60° to 70°F), 3 tablespoons (44g) ripe (fed) sourdough starter, 5 1/4 cups (631g) King Arthur Unbleached Bread Flour or King Arthur Unbleached All-Purpose Flour, 6 tablespoons (42g) Baker's Special Dry Milk or nonfat dry milk, 1/4 cup (50g) sugar, 2 1/2 teaspoons salt, 2 teaspoons instant yeast, 4 tablespoons (57g) unsalted butter, room temperature, 1 1/2 cups (340g) water (70° to 80°F)
Whole Wheat and Rye Sourdough Bread, https://www.kingarthurbaking.com/recipes/marilyns-whole-wheat-and-rye-sourdough-bread-recipe, 1 1/2 teaspoons active dry or instant yeast, optional, 3/4 cup + 2 tablespoons (198g) milk, lukewarm, 1 cup (227g) sourdough starter, ripe (fed) or discard, 2 tablespoons (28g) dark brown sugar, packed, 1 teaspoon salt, 1 1/2 teaspoons caraway seeds, 1/2 teaspoon whole anise seeds, 1/4 teaspoon cardamom, 1/2 cup (53g) rye flour, light or dark (pumpernickel), 1/2 cup (57g) King Arthur Premium 100% Whole Wheat Flour, 1 3/4 to 2 cups (206g to 241g) King Arthur Unbleached All-Purpose Flour
Old-Fashioned Maine Sourdough Waffles, https://www.kingarthurbaking.com/recipes/old-fashioned-maine-sourdough-waffles-recipe, 1 cup (120g) King Arthur Unbleached All-Purpose Flour, 1 cup (113g) King Arthur White Whole Wheat Flour, 2 tablespoons (25g) sugar, 2 cups (454g) buttermilk, 1 cup (227g) unfed sourdough starter or discard, 2 large eggs, 4 tablespoons (57g) melted butter (or 4 tablespoons (50g) vegetable oil), 3/4 teaspoon salt, 1 teaspoon baking soda
Rustic Olive Sourdough Bread, https://www.kingarthurbaking.com/recipes/rustic-olive-sourdough-bread-recipe, 1 cup (227g) sourdough starter, ripe (fed) or discard, 1 1/4 cups (283g) lukewarm water, 1/4 cup (50g) olive oil, 2 teaspoons instant yeast, 1 tablespoon sugar, 2 1/2 teaspoons salt, 2 cloves garlic, finely chopped, 1 tablespoon fresh oregano, finely chopped; or 1 1/2 teaspoons dried oregano, 4 1/2 cups (539g) King Arthur Unbleached All-Purpose Flour, 1/2 cup (71g) drained and coarsely chopped kalamata olives
Beautiful Burger Buns, https://www.kingarthurbaking.com/recipes/beautiful-burger-buns-recipe, 3/4 to 1 cup (170g to 227g) lukewarm water, 2 tablespoons (28g) butter, at room temperature, 1 large egg, 3 1/2 cups (418g) King Arthur Unbleached All-Purpose Flour, 1/4 cup (50g) sugar, 1 1/4 teaspoons salt, 1 tablespoon instant yeast
Hot Buttered Soft Pretzels, https://www.kingarthurbaking.com/recipes/hot-buttered-soft-pretzels-recipe, 2 1/2 cups (298g) King Arthur Unbleached Bread Flour, 1 teaspoon salt, 1 teaspoon sugar, 1/4 teaspoons (7g) instant yeast, 7/8 to 1 cup (198g to 227g) warm water
Japanese Milk Bread Rolls, https://www.kingarthurbaking.com/recipes/japanese-milk-bread-rolls-recipe, 3 tablespoons (43g) water, 3 tablespoons (43g) whole milk, 2 tablespoons (14g) King Arthur Unbleached Bread Flour, 2 1/2 cups (298g) King Arthur Unbleached Bread Flour, 2 tablespoons (14g) Baker's Special Dry Milk or nonfat dry milk, 1/4 cup (50g) sugar, 1 teaspoon salt, 1 tablespoon instant yeast, 1/2 cup (113g) whole milk, 1 large egg, 4 tablespoons (57g) unsalted butter, melted
Big Batch Quick Dinner Rolls, https://www.kingarthurbaking.com/recipes/big-batch-quick-dinner-rolls-recipe, 1/2 cup (113g) lukewarm water, 2 cups (454g) warm milk (100°F to 110°F), 3 tablespoons (43g) butter, room temperature, 2 tablespoons (21g) sugar, 1 tablespoon salt, 2 1/2 tablespoons (28g) yeast, instant yeast preferred, 6 to 7 cups (723g to 843g) King Arthur Unbleached All-Purpose Flour
Amish Dinner Rolls, https://www.kingarthurbaking.com/recipes/amish-dinner-rolls-recipe, 2 large eggs, 1/3 cup (67g) sugar, 2 teaspoons salt, 6 tablespoons (85g) softened butter, 1 cup (213g) unseasoned mashed potatoes, lightly packed, 2 1/2 teaspoons instant yeast or active dry yeast, 3/4 cup (170g) lukewarm water (water in which the potatoes were boiled, if possible), 4 1/4 cups (510g) King Arthur Unbleached All-Purpose Flour
Soft Cinnamon Rolls, https://www.kingarthurbaking.com/recipes/soft-cinnamon-rolls-recipe, 5 tablespoons (71g) water, 5 tablespoons (71g) whole milk, 3 tablespoons + 1 teaspoon (28g) King Arthur Unbleached Bread Flour, 4 cups + 2 tablespoons (496g) King Arthur Unbleached Bread Flour, 3 tablespoons (21g) Baker's Special Dry Milk or nonfat dry milk, 1 3/4 teaspoons salt, 1 tablespoon instant yeast, 3/4 cup (170g) lukewarm whole milk, 2 large eggs, 6 tablespoons (85g) unsalted butter, melted
Buttery Sourdough Buns, https://www.kingarthurbaking.com/recipes/buttery-sourdough-buns-recipe, 1/2 cup (113g) sourdough starter, ripe (fed) or discard, 3 cups (361g) King Arthur Unbleached All-Purpose Flour, 2 1/2 teaspoons instant yeast, 1 tablespoon (14g) sugar, 1 1/4 teaspoons salt, 1 large egg, 5 tablespoons (71g) soft butter, 2/3 cup (152g) lukewarm water
English Muffins, https://www.kingarthurbaking.com/recipes/english-muffins-recipe, 1 3/4 cups (397g) lukewarm milk, 3 tablespoons (43g) softened butter, 1 1/4 to 1 1/2 teaspoons salt, to taste, 2 tablespoons (25g) sugar, 1 large egg, lightly beaten, 4 1/2 cups (539g) King Arthur Unbleached Bread Flour, 2 teaspoons instant yeast
Sourdough Crumpets, https://www.kingarthurbaking.com/recipes/sourdough-crumpets-recipe, 1 cup (227g) sourdough starter, unfed/discard, 1 teaspoon sugar, 1/4 to 1/2 teaspoon salt, 3/8 teaspoon baking soda
Bagels, https://www.kingarthurbaking.com/recipes/bagels-recipe, 1 tablespoon (9g) instant yeast, 4 cups (482g) King Arthur Unbleached Bread Flour, 2 teaspoons salt, 1 tablespoon (14g) non-diastatic malt powder, brown sugar, or barley malt syrup, 1 1/3 cups (303g) lukewarm water
Golden Pull-Apart Butter Buns, https://www.kingarthurbaking.com/recipes/golden-pull-apart-butter-buns-recipe, 3 1/2 cups (418g) King Arthur Unbleached All-Purpose Flour, 2 teaspoons instant yeast, 2 tablespoons (21g) potato flour or 1/4 cup (21g) dried potato flakes, 3 tablespoons (21g) Baker's Special Dry Milk or nonfat dry milk, 2 tablespoons (25g) sugar, 1 1/2 teaspoons salt, 4 tablespoons (57g) soft butter, 2/3 cup (152g) lukewarm water, 1/2 cup (113g) lukewarm milk
Hawaiian Buns, https://www.kingarthurbaking.com/recipes/hawaiian-buns-recipe, 1/4 cup (28g) King Arthur Unbleached All-Purpose Flour, 1 tablespoon instant yeast, SAF Gold instant yeast preferred, 2 tablespoons (28g) water, 1/2 cup (113g) pineapple juice, canned, 4 tablespoons (57g) unsalted butter, softened, 1/3 cup (71g) brown sugar, 2 large eggs plus 1 egg yolk, white reserved, 1 teaspoon vanilla extract, 2 3/4 cups (326g) King Arthur Unbleached All-Purpose Flour, 2 tablespoons (21g) potato flour, 1 1/4 teaspoons salt
Parker House Rolls, https://www.kingarthurbaking.com/recipes/parker-house-rolls-recipe, 3 cups (361g) King Arthur Unbleached All-Purpose Flour, 2 1/2 teaspoons instant yeast, 3 tablespoons (39g) sugar, 1 1/4 teaspoons salt, 50g potato flour, 3 tablespoons (43g) butter, 1 cup (227g) milk, 1 large egg, 3 1/2 to 4 tablespoons (50g to 57g) butter, melted; for brushing on rolls
Crusty European-Style Hard Rolls, https://www.kingarthurbaking.com/recipes/crusty-european-style-hard-rolls-recipe, 1/2 cup (113g) cool water, 1 cup (120g) King Arthur Unbleached All-Purpose Flour, 1/8 teaspoon instant yeast, 3 1/2 cups (418g) King Arthur Unbleached All-Purpose Flour, 1 cup (227g) lukewarm water, 1 1/2 teaspoons salt, 1/4 teaspoon instant yeast
Soft White Dinner Rolls, https://www.kingarthurbaking.com/recipes/soft-white-dinner-rolls-recipe, 2 1/2 teaspoons instant yeast or active dry yeast, 7/8 to 1 1/8 cups (198g to 255g) lukewarm water, 3 cups (361g) King Arthur Unbleached All-Purpose Flour, 1 1/4 teaspoons salt, 3 tablespoons (35g) sugar, 6 tablespoons (85g) unsalted butter, at room temperature, 1/4 cup (28g) Baker's Special Dry Milk or nonfat dry milk, 1/2 cup (39g) instant mashed potato flakes
Hamburger or Hot Dog Buns, https://www.kingarthurbaking.com/recipes/hamburger-or-hot-dog-buns-recipe, 2 tablespoons (25g) sugar, 14g instant yeast, 1/2 cup (120g) warm water (105°F to 115°F), 2 cups (488g) warm milk (105°F to 115°F), 2 tablespoons (27g) vegetable oil, 2 teaspoons salt, 6 to 7 1/2 cups (720g to 900g) King Arthur Unbleached All-Purpose Flour
Gluten-Free Pumpkin Muffins, https://www.kingarthurbaking.com/recipes/gluten-free-pumpkin-muffins-recipe, 3 large eggs, 2 tablespoons (43g) molasses, 1 can (425g) pumpkin purée, 1 3/4 cups (262g) King Arthur Gluten-Free All-Purpose Flour, 1 cup (198g) sugar, 2 teaspoons baking powder, 1/2 teaspoon xanthan gum, 1/2 teaspoon salt, 2 teaspoons pumpkin pie spice, 8 tablespoons (113g) butter, softened
Easy Hot Cross Buns, https://www.kingarthurbaking.com/recipes/easy-hot-cross-buns-recipe, 1/4 cup (57g) apple juice or rum, 1/2 cup (78g) mixed dried fruit, 1/2 cup (78g) raisins or dried currants, 1 1/4 cups (283g) milk, room temperature, 2 large eggs, plus 1 egg yolk (save the white for the topping), 6 tablespoons (85g) butter, at room temperature, 2 teaspoons instant yeast, 1/4 cup (53g) light brown sugar, packed, 1 teaspoon cinnamon, 1/4 teaspoon cloves or allspice, 1/4 teaspoon nutmeg, 1 3/4 teaspoons salt, 1 tablespoon baking powder, 4 1/2 cups (539g) King Arthur Unbleached All-Purpose Flour
Caribbean-Style Rum Cake, https://www.kingarthurbaking.com/recipes/caribbean-style-rum-cake-recipe, 2 cups (241g) King Arthur Unbleached All-Purpose Flour, 1 1/2 cups (298g) sugar, 3.4 ounce box instant vanilla pudding mix (not sugar-free), 2 teaspoons baking powder, 1 teaspoon salt, 8 tablespoons (113g) unsalted butter, softened, 1/2 cup (99g) vegetable oil, 1/2 cup (113g) milk, at room temperature, 4 large eggs, at room temperature, 1/2 cup (113g) rum, plain or spiced, 2 teaspoons vanilla extract, 1/4 teaspoon butter-rum flavor, optional, 1/4 cup (24g) almond flour, for dusting baking pan, optional, 8 tablespoons (113g) unsalted butter, 1/4 cup (57g) water, 1 cup (198g) sugar, 1/4 teaspoon salt, 1/2 cup (113g) rum, plain or spiced, 1/2 teaspoon vanilla extract
Golden Vanilla Cake, https://www.kingarthurbaking.com/recipes/golden-vanilla-cake-recipe, 2 cups (397g) sugar, Baker's Special Sugar preferred, 3 1/4 cups (390g) King Arthur Unbleached All-Purpose Flour, 1 tablespoon baking powder, 1 teaspoon salt, 12 tablespoons (170g) unsalted butter, softened, 1 1/2 cups (340g) milk, at room temperature, 1 tablespoon (14g) vanilla extract, 4 large eggs, at room temperature
Sourdough Chocolate Cake, https://www.kingarthurbaking.com/recipes/sourdough-chocolate-cake-recipe, 1 cup (227g) sourdough starter, ripe (fed) or discard, 1 cup (227g) milk (whole milk or 2% preferred) or evaporated milk, 2 cups (241g) King Arthur Unbleached All-Purpose Flour, 1 1/2 cups (298g) granulated sugar, 1 cup (198g) vegetable oil, 2 teaspoons vanilla extract, 1 teaspoon salt, 1 1/2 teaspoons baking soda, 3/4 cup (64g) natural cocoa, 1 teaspoon espresso powder, optional, 2 large eggs
Espresso Frosting, https://www.kingarthurbaking.com/recipes/sourdough-chocolate-cake-recipe, 6 cups (680g) confectioners' sugar, 12 tablespoons (170g) butter, room temperature, 1/2 cup (113g) plain yogurt or buttermilk, 1 tablespoon + 1 1/2 teaspoons espresso powder, 1 tablespoon (14g) hot water
Chocolate Drizzle, https://www.kingarthurbaking.com/recipes/sourdough-chocolate-cake-recipe, 1/3 cup (57g) semisweet chocolate chips, 1 tablespoon (14g) milk, 1 tablespoon (21g) corn syrup
Easy Cheesecake Crust, https://www.kingarthurbaking.com/recipes/easy-cheesecake-recipe, 1 1/2 cups (128g) graham cracker crumbs (9 to 10 whole graham crackers, crushed), 1/4 cup (28g) confectioners' sugar, 5 1/3 tablespoons (74g) butter, melted, 1/8 teaspoon salt
Easy Cheesecake Filling, https://www.kingarthurbaking.com/recipes/easy-cheesecake-recipe, 454g cream cheese, at room temperature, 2 large eggs, at room temperature, 2/3 cup (152g) granulated sugar, 1 teaspoon vanilla extract
Chocolate Fudge Bundt Cake, https://www.kingarthurbaking.com/recipes/chocolate-fudge-bundt-cake-recipe, 1 cup (227g) brewed coffee, 16 tablespoons (227g) unsalted butter, room temperature, 3/4 cup (64g) unsweetened cocoa, Dutch-process or natural, 2 cups (397g) sugar, 3/4 teaspoon baking powder, 1/4 teaspoon baking soda, 3/4 teaspoon salt, 2 cups (241g) King Arthur Unbleached All-Purpose Flour, 2 teaspoons vanilla extract, 2 large eggs, at room temperature, 1/2 cup (113g) sour cream or yogurt (regular or Greek), full-fat preferred, at room temperature
Chocolate Icing, https://www.kingarthurbaking.com/recipes/chocolate-fudge-bundt-cake-recipe, 2/3 cup (113g) chopped bittersweet or semisweet chocolate, or chocolate chips, 1/4 cup (57g) heavy or whipping cream
King Arthur’s Carrot Cake, https://www.kingarthurbaking.com/recipes/king-arthurs-carrot-cake-recipe, 1 1/2 cups (298g) vegetable oil, 2 cups (397g) sugar, 1 teaspoon salt, 4 large eggs, 1 tablespoon (7g) cinnamon, 1/2 teaspoon ginger, 1/4 teaspoon cloves, 2 teaspoons baking soda, 2 cups (241g) King Arthur Unbleached All-Purpose Flour, 3 cups (326g) finely grated carrots, 1 1/2 cups (170g) chopped pecans or walnuts, toasted for best flavor
Vanilla Cream Cheese Frosting, https://www.kingarthurbaking.com/recipes/king-arthurs-carrot-cake-recipe, 8 tablespoons (113g) unsalted butter, room temperature, one 8 ounce package (227g) cream cheese, room temperature, 1/4 teaspoon salt, 2 teaspoons vanilla extract or 1/2 teaspoon Fiori di Sicilia, 2 1/2 to 3 1/2 cups (283g to 397g) confectioners' sugar, 1 teaspoon milk or cream, optional, if necessary to thin frosting
Strawberry Almond Flour Cake, https://www.kingarthurbaking.com/recipes/strawberry-almond-flour-cake-recipe, 4 large eggs, separated, at room temperature, 1/2 cup + 2 tablespoons (124g) sugar, divided, 1 teaspoon vanilla extract, 1 1/4 cups (120g) almond flour, 1 tablespoon coconut flour, 1 teaspoon baking powder, 1/4 teaspoon salt, 1 1/2 to 2 cups (248g to 333g) sliced strawberries, for topping
Gingerbread Bundt Cake, https://www.kingarthurbaking.com/recipes/gingerbread-bundt-cake-recipe, 2 1/2 cups (298g) King Arthur Unbleached All-Purpose Flour, 2 1/2 teaspoons ginger, 1 1/2 teaspoons cinnamon, 1 teaspoon nutmeg, 1/2 teaspoon cloves, and 1/2 teaspoon allspice, 1/2 teaspoon salt, 1/4 teaspoon baking soda, 1 teaspoon baking powder, 12 tablespoons (170g) unsalted butter, at room temperature, 1 1/2 cups (319g) brown sugar, packed, 2 large eggs, at room temperature, 1/2 cup (170g) molasses, 1 cup (227g) water
Gingerbread Rum Glaze, https://www.kingarthurbaking.com/recipes/gingerbread-bundt-cake-recipe, 1/3 cup (74g) rum or water, 1/4 teaspoon ginger and 1/4 teaspoon cinnamon, 3/4 cup (149g) granulated sugar
Chocolate Cake, https://www.kingarthurbaking.com/recipes/chocolate-cake-recipe, 2 1/4 cups (269g) King Arthur Unbleached All-Purpose Flour, 1 1/2 teaspoons baking powder, 1/2 teaspoon baking soda, 1/2 teaspoon salt, 3/4 cup (64g) unsweetened cocoa, Dutch-process or natural, 1 3/4 cups (354g) granulated sugar, 8 tablespoons (113g) unsalted butter, at room temperature, 1/3 cup (64g) vegetable oil, 2 teaspoons vanilla extract, 1 cup (227g) milk, 1/2 cup (113g) coffee or water, 4 large eggs
Everyone’s Favorite Fruitcake, https://www.kingarthurbaking.com/recipes/everyones-favorite-fruitcake-recipe, 1 1/2 cups (213g) diced dried pineapple, 1 1/2 cups (255g) raisins, golden or regular, 1 cup (128g) diced dried apricots, 1 1/2 cups (223g) chopped dates, heaping 1 cup (170g) candied red cherries, plus additional for decoration, if desired, 1/3 cup (64g) diced crystallized ginger, optional, 3/4 cup (170g) rum, brandy, apple juice, or cranberry juice, 16 tablespoons (227g) unsalted butter, at room temperature, at least 65°F, 2 cups (425g) dark brown sugar, packed, 1 teaspoon salt, 1 teaspoon cinnamon, 1/4 teaspoon allspice, 1/4 teaspoon nutmeg, 1 teaspoon baking powder, 4 large eggs, at room temperature, 3 cups (361g) King Arthur Unbleached All-Purpose Flour, 2 tablespoons (11g) black cocoa, optional, for color, 1/4 cup (85g) boiled cider, golden syrup, or dark corn syrup, 1/2 cup (113g) apple juice, cranberry juice or water, 2 cups (227g) chopped, toasted nuts (almonds, pecans, or walnuts)
Classic Vanilla Bundt Cake, https://www.kingarthurbaking.com/recipes/classic-vanilla-bundt-cake-recipe, 24 tablespoons (340g) unsalted butter, at room temperature, at least 65°F, 1 1/2 cups (298g) granulated sugar, 6 large eggs, at room temperature, 2 1/4 teaspoons baking powder, 1 1/2 teaspoons salt, 3 cups (361g) King Arthur Unbleached All-Purpose Flour, 1 tablespoon (14g) vanilla extract or vanilla bean paste, 1/4 teaspoon almond extract, optional, 3/4 cup (170g) milk, at room temperature
Clear Vanilla Glaze, https://www.kingarthurbaking.com/recipes/classic-vanilla-bundt-cake-recipe, 1/3 cup (67g) granulated sugar, 5 teaspoons water, 1/8 teaspoon salt, 2 teaspoons vanilla extract
Coconut Cake, https://www.kingarthurbaking.com/recipes/coconut-cake-recipe, 3 cups (361g) King Arthur Unbleached Cake Flour or King Arthur Unbleached All-Purpose Flour, 2/3 cup (71g) coconut milk powder, 1/2 teaspoon salt, 4 teaspoons (14g) baking powder, 10 tablespoons (142g) unsalted butter, room temperature, 1 1/2 cups (298g) sugar, 6 large (210g) egg whites, 1 1/2 cups (340g) whole milk, at room temperature, 1 1/2 teaspoons vanilla extract, 4 drops coconut flavor
Coconut Cream Cheese Frosting, https://www.kingarthurbaking.com/recipes/coconut-cake-recipe, 15 tablespoons (213g) unsalted butter, at room temperature, 1 1/4 cups (283g) cream cheese, at room temperature, 3/4 teaspoon vanilla extract, 3/8 teaspoon salt, 1/4 teaspoon coconut flavor, optional, for enhanced flavor, 1/4 cup + 1 tablespoon (35g) coconut milk powder, 4 1/4 to 4 1/2 cups (482g to 510g) confectioners' sugar
Chocolate Cheesecake Filling, https://www.kingarthurbaking.com/recipes/chocolate-cheesecake-recipe, 1/2 cup (113g) milk, 2 cups (340g) semisweet or bittersweet chocolate chips, 1 teaspoon espresso powder, optional; for enhanced flavor, 24 ounces (680g) cream cheese, room temperature, 1 cup (198g) granulated sugar, 4 large eggs, at room temperature, 1 teaspoon vanilla extract, 2 tablespoons (14g) King Arthur Unbleached All-Purpose Flour
Chocolate Cheesecake Crust, https://www.kingarthurbaking.com/recipes/chocolate-cheesecake-recipe, 24 (269g) Oreos, 1/4 cup (28g) confectioners' sugar, 4 tablespoons (57g) butter, melted
Pumpkin Espresso Bundt Cake, https://www.kingarthurbaking.com/recipes/pumpkin-espresso-bundt-cake-recipe, 1 can (15 ounces) pumpkin purée, 4 large eggs, at room temperature, 3/4 cup (149g) vegetable oil, 1 cup (213g) brown sugar, packed, 3/4 cup (149g) granulated sugar, 1 teaspoon vanilla extract, 2 cups (227g) King Arthur White Whole Wheat Flour, 2 teaspoons baking powder, 1/2 teaspoon baking soda, 1 1/2 teaspoons pumpkin pie spice, 1 teaspoon cinnamon, 1 teaspoon salt, 1/3 cup (71g) brown sugar, packed, 1 tablespoon (7g) espresso powder, 1/2 teaspoon cinnamon
Espresso Glaze, https://www.kingarthurbaking.com/recipes/pumpkin-espresso-bundt-cake-recipe, 1/3 cup (74g) strong brewed coffee, 1/3 cup (67g) granulated sugar, 1 1/2 tablespoons (21g) rum, optional
Brown Sugar Sour Cream Pound Cake, https://www.kingarthurbaking.com/recipes/brown-sugar-sour-cream-pound-cake-recipe, 16 tablespoons (227g) unsalted butter, at room temperature, at least 65°F, 1 cup (213g) light brown sugar, packed, 1/2 cup (99g) granulated sugar, 2 large eggs, at room temperature, 1 teaspoon baking powder, 1 teaspoon salt, 1/4 teaspoon baking soda, 2 cups (241g) King Arthur Unbleached All-Purpose Flour, 1 cup (227g) sour cream, at room temperature, 1 1/2 teaspoons vanilla extract
Velvet Pound Cake, https://www.kingarthurbaking.com/recipes/velvet-pound-cake-recipe, 14 tablespoons (198g) unsalted butter, at room temperature, at least 65°F, 6 tablespoons (85g) cream cheese, at room temperature, 3/4 teaspoon salt, 1 1/2 cups (298g) sugar, 1 3/4 cups (206g) King Arthur Unbleached All-Purpose Flour, 1 teaspoon baking powder, 2 teaspoons vanilla extract, 1/4 teaspoon almond extract, 5 large eggs, at room temperature
Golden Vanilla Pound Cake, https://www.kingarthurbaking.com/recipes/golden-vanilla-pound-cake-recipe, 12 tablespoons (170g) unsalted butter, at room temperature, at least 65°F, 1/4 cup + 2 tablespoons (85g) cream cheese, at room temperature, 3/4 teaspoon salt (1/2 teaspoon if you use salted butter), 1 1/2 cups (298g) sugar, 1 teaspoon baking powder, 2 teaspoons vanilla extract, 1 teaspoon almond extract, 5 large eggs, at room temperature, 3 tablespoons (43g) milk, 2 tablespoons (14g) Cake Enhancer, optional, 1 3/4 cups + 2 tablespoons (220g) King Arthur Unbleached All-Purpose Flour
Golden Vanilla Pound Cake Topping, https://www.kingarthurbaking.com/recipes/golden-vanilla-pound-cake-recipe, 2 tablespoons (25g) sugar, 1 teaspoon vanilla extract, 1 teaspoon water
King Arthur’s Original Pound Cake, https://www.kingarthurbaking.com/recipes/king-arthurs-original-pound-cake-recipe, 16 tablespoons (227g) salted butter, at room temperature, at least 65°F, 2 cups (241g) King Arthur Unbleached All-Purpose Flour, 1 cup (198g) granulated sugar, 4 large eggs, at room temperature, 1 1/2 teaspoons baking powder, 1/2 teaspoon salt, 1/2 cup (113g) milk, at room temperature, 1 tablespoon (28g) brandy, sherry, rum, or the liqueur of your choice, optional, 1 teaspoon vanilla extract, almond extract, or a combination; or flavor to taste with other flavors
Lemon-Glazed Pound Cake, https://www.kingarthurbaking.com/recipes/lemon-glazed-pound-cake-recipe, 14 tablespoons (198g) unsalted butter, at room temperature, at least 65°F, 3/8 cup (85g) cream cheese, at room temperature, 1/2 teaspoon salt, 1 1/2 cups (298g) sugar, 1 3/4 cups (206g) King Arthur Unbleached All-Purpose Flour, 1 teaspoon baking powder, 2 teaspoons vanilla extract, 1/2 teaspoon lemon oil or 1/4 teaspoon Fiori di Sicilia flavor, 5 large eggs, at room temperature
Lemon Glaze, https://www.kingarthurbaking.com/recipes/lemon-glazed-pound-cake-recipe, 1/4 cup (57g) fresh lemon juice, 1/2 cup (99g) Baker's Special Sugar or granulated sugar
Apple Upside-Down Cake, https://www.kingarthurbaking.com/recipes/apple-upside-down-cake-recipe, 2 medium (220g) apples, 4 tablespoons (57g) butter, cold, 3/4 cup (159g) light brown sugar, packed, 2 tablespoons (39g) boiled cider or thawed apple juice concentrate, 1/4 teaspoon cinnamon, 1/2 cup (156g) light corn syrup, 3/4 cup (149g) vegetable oil, 1 cup (213g) brown sugar, packed, 2 tablespoons (39g) boiled cider or thawed apple juice concentrate, 2 large eggs, at room temperature, 1 1/2 teaspoons cinnamon, 1/4 teaspoon ginger, 1/8 teaspoon cloves, 1/2 teaspoon salt, 1 teaspoon baking soda, 1 1/2 cups (177g) King Arthur Unbleached All-Purpose Flour, 1 large (170g) apple, peeled and finely chopped, 3/4 cup (85g) chopped pecans or walnuts, optional
Traditional Angel Food Cake, https://www.kingarthurbaking.com/recipes/traditional-angel-food-cake-recipe, 1 cup (120g) King Arthur Unbleached Cake Flour or King Arthur Unbleached All-Purpose Flour, 1 1/2 cups (298g) sugar, 12 large (425g) egg whites, room temperature, 1/2 teaspoon salt, 1 teaspoon vanilla or almond extract, or a combination, 1 1/2 teaspoons cream of tartar
Quick Buttercream Frosting, https://www.kingarthurbaking.com/recipes/quick-buttercream-frosting-recipe, 8 tablespoons (113g) unsalted butter, or a combination, softened, pinch of salt, 1 tablespoon (14g) meringue powder, optional, for "holding power", 1 teaspoon vanilla extract, 2 1/2 to 3 cups (283g to 340g) confectioners' sugar or glazing sugar, 2 to 4 tablespoons (28g to 57g) milk
Fluffy White Buttercream Frosting, https://www.kingarthurbaking.com/recipes/fluffy-white-buttercream-frosting-recipe, 3/4 cup (149g) granulated sugar, 1/4 teaspoon salt (if you use unsalted butter), 1/2 cup (113g) boiling water, 1/4 cup (28g) meringue powder, 1 tablespoon (14g) vanilla extract, 4 cups (454g) sifted confectioners' sugar or glazing sugar, 32 tablespoons (454g) unsalted butter or 2 cups (369g) vegetable shortening, or a combination of both, softened
Seven-Minute Frosting, https://www.kingarthurbaking.com/recipes/seven-minute-frosting-recipe, 1 1/2 cups (298g) sugar, 1/3 cup (74g) cold water, 2 large egg whites, 2 teaspoons light corn syrup, 1/4 teaspoon cream of tartar, 1/16 teaspoon of salt, 1 teaspoon vanilla extract
Simple and Rich Chocolate Cake, https://www.kingarthurbaking.com/recipes/simple-and-rich-chocolate-cake-recipe, 2 1/4 cups (269g) King Arthur Unbleached Cake Flour, 2 cups (397g) sugar, 3/4 cup (64g) Dutch-process cocoa, 2 teaspoons baking powder, 1/2 teaspoon baking soda, 1 teaspoon salt, 4 large eggs, at room temperature, 3/4 cup (149g) vegetable oil, 2 teaspoons vanilla extract, 1 1/4 cups (283g) brewed coffee, cooled, or water
Chocolate Cream Roll, https://www.kingarthurbaking.com/recipes/chocolate-cream-roll-recipe, 4 large eggs, at room temperature, 3/4 cup (149g) sugar, 1/2 teaspoon salt, 1 teaspoon vanilla extract, 2/3 cup (82g) King Arthur Unbleached All-Purpose Flour, 1/3 cup (28g) Double Dutch Dark Cocoa, or other Dutch-process cocoa, 1 teaspoon espresso powder, optional; for richer chocolate flavor, 1 1/4 teaspoons baking powder, 1/4 cup (50g) vegetable oil, 6 tablespoons (85g) buttermilk, at room temperature
Chocolate Cream Roll Filling, https://www.kingarthurbaking.com/recipes/chocolate-cream-roll-recipe, 1 cup (227g) heavy cream, 1 teaspoon vanilla extract, 1 tablespoon (14g) sugar, 2 teaspoons Instant ClearJel, 1/2 cup (85g) finely ground dark chocolate or 3/4 (75g) Sweet Ground Chocolate
Chocolate Cream Glaze, https://www.kingarthurbaking.com/recipes/chocolate-cream-roll-recipe, 1/4 cup + 2 tablespoons (85g) heavy cream, 1 1/2 tablespoons (29g) corn syrup, light or dark, 3/4 cup (128g) Guittard Semisweet Wafers or chopped semisweet chocolate from a block
Easy Vanilla Buttercream Frosting, https://www.kingarthurbaking.com/recipes/easy-vanilla-buttercream-frosting-recipe, 6 tablespoons (85g) unsalted butter, at room temperature, 1/3 cup (60g) vegetable shortening, 1/8 teaspoon salt, 4 to 5 cups (454g to 567g) confectioners' sugar, sifted, 2 teaspoons vanilla extract, 1/4 to 1/3 cup (57g to 78g) milk or cream, at room temperature
Red Velvet Cake, https://www.kingarthurbaking.com/recipes/red-velvet-cake-recipe, 8 tablespoons (113g) unsalted butter, at room temperature, at least 65°F, 1 1/3 cups (266g) granulated sugar, 2 large eggs, at room temperature, 2 tablespoons (28g) liquid red food color, 3 tablespoons (14g) Dutch-process cocoa, 1 teaspoon salt, 1 teaspoon baking soda, 1 teaspoon vinegar, 2 1/4 cups (269g) King Arthur Unbleached All-Purpose Flour or 2 1/4 (269g) King Arthur Gluten-Free Measure for Measure Flour, 1 cup (227g) buttermilk, or low-fat plain (not Greek) yogurt, at room temperature
Quick Buttercream Frosting, https://www.kingarthurbaking.com/recipes/red-velvet-cake-recipe, 8 tablespoons (113g) butter, softened, 1/2 cup (92g) shortening, scant 1/4 teaspoon salt, 2 tablespoons (14g) meringue powder, optional, for a smoother icing that holds its shape a bit better, 6 cups (680g) confectioners' sugar, 3 tablespoons (43g) milk, or enough to make a spreadable frosting, 2 teaspoons vanilla extract
Pumpkin Gingerbread with Orange Glaze, https://www.kingarthurbaking.com/recipes/pumpkin-gingerbread-with-orange-glaze-recipe, 12 tablespoons (170g) unsalted butter or 3/4 cup (138g) vegetable shortening, at room temperature, at least 65°F, 1 1/4 cup (266g) brown sugar, 2 3/4 cups (326g) King Arthur Unbleached All-Purpose Flour, 2 teaspoons baking powder, 1/2 teaspoon baking soda, 3/4 teaspoon salt, 2 teaspoons cinnamon, 1/4 teaspoon allspice, 1/2 teaspoon nutmeg, 1/3 cup (57g) mini diced ginger, 1/2 cup (57g) diced pecans or 1/2 cup (85g) chocolate chips, optional, 3 large eggs, at room temperature, 2 tablespoons (43g) molasses, 2 cups (425g) pumpkin purée
Orange Glaze, https://www.kingarthurbaking.com/recipes/pumpkin-gingerbread-with-orange-glaze-recipe, 1 1/4 cups (142g) confectioners' sugar, 1/4 teaspoon orange oil or 1 tablespoon orange zest (grated orange rind), 2 tablespoons (28g) water or milk
Maple Pound Cake, https://www.kingarthurbaking.com/recipes/maple-pound-cake-with-maple-rum-glaze-recipe, 2 cups (241g) King Arthur Unbleached Cake Flour, 1 teaspoon baking powder, 1/4 teaspoon baking soda, 1 teaspoon salt, 12 tablespoons (170g) unsalted butter, at room temperature, at least 65°F, 2/3 cup (142g) light brown sugar, packed, 2 large eggs, at room temperature, 1/2 cup (156g) maple syrup, 1 cup (227g) sour cream, at room temperature, 1 teaspoon vanilla extract, 1/4 teaspoon maple flavor, optional, for enhanced maple flavor
Maple-Rum Glaze, https://www.kingarthurbaking.com/recipes/maple-pound-cake-with-maple-rum-glaze-recipe, 2 tablespoons (28g) butter, cold, 1/4 cup (78g) maple syrup, 1/4 cup (57g) dark rum or water
Chocolate Almond Flour Torte, https://www.kingarthurbaking.com/recipes/chocolate-almond-flour-torte-recipe, 1 cup (96g) almond flour, 1/4 cup (21g) Triple Cocoa Blend or Dutch-process cocoa, plus extra for dusting the pan, 2 teaspoons espresso powder, optional, for richer chocolate flavor, 1/4 teaspoon salt, 2/3 cup (113g) chopped bittersweet chocolate, 8 tablespoons (113g) unsalted butter, at room temperature, at least 65°F, 5 large eggs, at room temperature, 1/2 cup (99g) sugar, 1 teaspoon vanilla extract
Chocolate Almond Torte, https://www.kingarthurbaking.com/recipes/chocolate-almond-flour-torte-recipe, 1/4 cup (57g) heavy cream, 1/3 cup (57g ) chopped bittersweet chocolate, 3 tablespoons (32g) sliced almonds, toasted; optional, to garnish
Chiffon Cake, https://www.kingarthurbaking.com/recipes/chiffon-cake-recipe, 7 large eggs, separated, at room temperature, 1/2 teaspoon cream of tartar, 1 1/2 cups (298g) sugar, divided, 2 cups (241g) King Arthur Unbleached All-Purpose Flour, 2 1/2 teaspoons baking powder, 3/4 teaspoon salt, 1/2 cup (99g) vegetable oil, 2 teaspoons vanilla extract, 1/2 teaspoon almond extract or other flavor of your choice, 3/4 cup (170g) milk, at room temperature
Chantilly Cream, https://www.kingarthurbaking.com/recipes/chiffon-cake-recipe, 1 1/2 cups (340g) heavy cream, 1/4 cup (57g) sour cream, 2 tablespoons (25g) sugar, 2 teaspoons vanilla extract or vanilla bean paste
Carpenter Street Poppy Seed Cake, https://www.kingarthurbaking.com/recipes/carpenter-street-poppy-seed-cake-recipe, 2 cups (241g) King Arthur Unbleached All-Purpose Flour, 2 1/2 teaspoons baking powder, 1 teaspoon salt, 1/4 to 1/2 cup (39g to 78g) poppy seeds, 2/3 cup (131g) vegetable oil, 3/4 cup (149g) sugar, 2 large eggs, at room temperature, 3/4 cup (170g) milk or evaporated milk, 1/4 cup (57g) orange juice, 2 teaspoons vanilla extract, 1/4 teaspoon lemon oil, optional
Lemon Filling and Frosting, https://www.kingarthurbaking.com/recipes/lemon-cloud-cake-recipe, 1/2 cup (57g) Quick-and-Easy Pastry Cream Mix, 2/3 cup (152g) milk, 1 1/2 cups (405g) lemon curd, 2 cups (454g) whipping cream or heavy cream
Lemon Cloud Cake, https://www.kingarthurbaking.com/recipes/lemon-cloud-cake-recipe, 8 tablespoons (113g) unsalted butter, at room temperature, at least 65°F, 1 3/4 cups (347g) sugar, we recommend Baker's Special Sugar, 1/4 cup (50g) vegetable oil, 2 teaspoons baking powder, 3/4 teaspoon salt, 3 tablespoons (21g) Cake Enhancer, optional, 2 teaspoons vanilla extract, 4 large egg whites + 1 whole large egg, at room temperature, 2 3/4 cups (326g) Unbleached Cake Flour, 1 1/2 cups (340g) full-fat plain yogurt, or whole milk, at room temperature
Lemon Chiffon Cake, https://www.kingarthurbaking.com/recipes/lemon-chiffon-cake-recipe, 2 cups (241g) King Arthur Unbleached All-Purpose Flour, 1 tablespoon baking powder, 1 1/2 cups (298g) sugar, 1 teaspoon salt, 1/2 cup (99g) vegetable oil, 1 cup (227g) water, 8 large eggs, separated, at room temperature, 2 teaspoons vanilla extract, 1 teaspoon grated fresh lemon peel, 1 1/2 teaspoons lemon extract, 1 tablespoon lemon juice, 1/2 teaspoon cream of tartar or lemon juice
Moist Chocolate Cake, https://www.kingarthurbaking.com/recipes/moist-chocolate-cake-recipe, 2 cups (241g) King Arthur Unbleached Cake Flour, 1 1/2 teaspoons baking powder, 1/2 teaspoon baking soda, 1/2 teaspoon salt, 3/4 cup (64g) unsweetened cocoa, Dutch-process or natural, 1 3/4 cups (347g) granulated sugar, 8 tablespoons (113g) unsalted butter, softened, 1/3 cup (66g) vegetable oil, 1 teaspoon vanilla extract, 1 cup (227g) milk, 1/2 cup (113g) brewed cooled coffee or water, 4 large eggs
Plain and Simple Golden Cake, https://www.kingarthurbaking.com/recipes/plain-simple-golden-cake-recipe, 1 1/2 cups (177g) King Arthur Unbleached Cake Flour Blend, 1 cup (198g) sugar, 1 1/2 teaspoons baking powder, 1/4 to 1/2 teaspoon salt, your preference, 2 tablespoons (14g) Cake Enhancer, optional; for improved texture and moistness, 6 tablespoons (85g) unsalted butter, at room temperature, at least 65°F, 1/2 cup (113g) milk, at room temperature, 2 large eggs, at room temperature, 2 teaspoons vanilla extract, 1/4 teaspoon almond extract, optional, 1 tablespoon (14g) lemon juice, optional; for flavor
Banana Cupcakes, https://www.kingarthurbaking.com/recipes/banana-cupcakes-with-peanut-butter-frosting-recipe, 8 tablespoons (113g) unsalted butter, at room temperature, at least 65°F, 1 1/4 cups (248g) granulated sugar, 2 large eggs, at room temperature, 3 small or 2 medium (280g) very ripe bananas, peeled and cut into chunks, 1/4 cup (85g) honey, 1/4 cup (57g) yogurt or buttermilk, at room temperature, 1 teaspoon vanilla extract, 2 1/3 cups (276g) King Arthur Unbleached All-Purpose Flour, 1 teaspoon baking powder, 1/2 teaspoon baking soda, 3/4 teaspoon salt, 1 teaspoon cinnamon, 1/8 to 1/4 teaspoon nutmeg, optional, 2 tablespoons (14g) Cake Enhancer, optional, for moist texture
Peanut Butter Frosting, https://www.kingarthurbaking.com/recipes/banana-cupcakes-with-peanut-butter-frosting-recipe, 2 cups (227g) confectioners' sugar, 3/4 cup (198g) peanut butter, creamy or chunky, 1 teaspoon vanilla extract, 1/8 teaspoon salt, optional, to taste, 1/3 to 1/2 cup (76g to 113g) milk or half-and-half, 1 1/3 cups (170g) crushed honey roasted peanuts, to garnish
Spicy Cake Pan Cake, https://www.kingarthurbaking.com/recipes/spicy-cake-pan-cake-recipe, 1 3/4 cups (198g) King Arthur White Whole Wheat Flour, 1 cup (213g) brown sugar, packed, 1/2 teaspoon salt, 3/4 teaspoon baking soda, 3/4 teaspoon cinnamon, 1/2 teaspoon cloves, 1/2 teaspoon nutmeg, 1 teaspoon vanilla extract, 6 tablespoons (74g) vegetable oil, 1 cup (227g) tomato juice, 1 cup (99g) grated carrots, raisins, dried cranberries, chopped apples, or nuts
Quick Fruitcake, https://www.kingarthurbaking.com/recipes/quick-fruitcake-recipe, 8 tablespoons (113g) butter, at room temperature, at least 65°F, 3/4 cup (149g) granulated sugar, 1 teaspoon cinnamon, 1/2 teaspoon ginger, 2 teaspoons baking powder, 1/2 teaspoon salt, 1 teaspoon vanilla, 2 large eggs, at room temperature, 1 1/2 cups (177g) King Arthur Unbleached All-Purpose Flour, 1 cup (227g) crushed pineapple, undrained (1 small can), 1 cup (113g to 170g) mixed dried fruits, of your choice, 1/2 cup (57g) diced walnuts or pecans, 1/2 cup (99g) red candied cherries, each cut in half, 1 1/2 tablespoons coarse white sparkling sugar, for topping, optional
Creamy Vanilla-Orange Cheesecake Filling, https://www.kingarthurbaking.com/recipes/creamy-vanilla-orange-cheesecake-recipe, three 8-ounce packages cream cheese, at room temperature, 1 1/2 cups (298g) sugar, 5 large eggs, at room temperature, 1/2 cup (113g) cream or half & half, at room temperature, 2 teaspoons vanilla extract, 1/4 teaspoon Fiori di Sicilia, zest of 1 medium orange or lemon
Creamy Vanilla-Orange Cheesecake Crust, https://www.kingarthurbaking.com/recipes/creamy-vanilla-orange-cheesecake-recipe, 3/4 cup (85g) King Arthur Unbleached All-Purpose Flour, 1 cup (96g) almond flour or finely ground almonds, 1/2 cup (71g) confectioners' or glazing sugar, 1/4 teaspoon salt, 6 tablespoons (85g) butter, softened
Yeasted Lemon Cake, https://www.kingarthurbaking.com/recipes/yeasted-lemon-cake-recipe, 2 1/4 cups (262g) King Arthur Unbleached All-Purpose Flour, divided, 2 1/4 teaspoons (7g) instant yeast, 1/4 cup (50g) sugar, 1/2 teaspoon salt, 1/2 cup (113g) warm milk, 10 tablespoons (142g) unsalted butter, melted, 4 large eggs, at room temperature, 1 tablespoon grated rind (zest) of 1 lemon
Lemon Syrup, https://www.kingarthurbaking.com/recipes/yeasted-lemon-cake-recipe, 3/4 cup (149g) sugar, 1/2 cup (113g) water, 1/2 cup (113g) lemon juice
Honey Cake, https://www.kingarthurbaking.com/recipes/honey-cake-recipe, 1 cup (113g) sliced almonds, 1 1/4 cups (142g) King Arthur Whole Wheat Flour, white or traditional, 3/4 cup (99g) King Arthur Unbleached All-Purpose Flour, 1/2 teaspoon baking soda, 1/2 teaspoon salt, 12 tablespoons (170g) unsalted butter, at room temperature, at least 65°F, 1 cup (340g) honey, 4 large eggs, at room temperature, 1/4 cup (57g) sour cream or yogurt, at room temperature
Pumpkin Yeast Bread, https://www.kingarthurbaking.com/recipes/pumpkin-yeast-bread-recipe, 2 tablespoons instant or active dry yeast, 1/2 cup (113g) lukewarm milk, 2 large eggs, 1 1/2 cups (340g) puréed pumpkin, either fresh or canned, 2 tablespoons (25g) vegetable oil, 6 1/2 cups (780g) King Arthur Unbleached All-Purpose Flour, 1/2 cup (106g) brown sugar, packed, 2 1/2 teaspoons salt, 1/2 teaspoon ginger, 1/2 teaspoon cardamom
Classic Challah, https://www.kingarthurbaking.com/recipes/classic-challah-recipe, 1/2 cup (113g) lukewarm water, 6 tablespoons (74g) vegetable oil, 1/4 cup (85g) honey, 2 large eggs, 4 cups (482g) King Arthur Unbleached All-Purpose Flour, 1 1/2 teaspoons salt, 1 tablespoon instant yeast
Brioche, https://www.kingarthurbaking.com/recipes/brioche-recipe, 2 3/4 cups (326g) King Arthur Unbleached All-Purpose Flour, 1/4 cup (28g) Baker's Special Dry Milk or nonfat dry milk, 3 tablespoons (35g) sugar, 1 1/4 teaspoons salt, 1 tablespoon instant yeast, 3 large eggs, cold from the refrigerator, 1/4 cup (57g) cool water, 10 tablespoons (142g) unsalted butter, at cool room temperature
Overnight Panettone, https://www.kingarthurbaking.com/recipes/overnight-panettone-recipe, 3/4 cup (85g) King Arthur Unbleached All-Purpose Flour, 1/16 teaspoon (just a pinch) instant yeast, 1/3 cup (74g) cool water, 2 1/4 cups (269g) King Arthur Unbleached All-Purpose Flour, 1/4 cup (57g) lukewarm water, 2 large eggs, 4 tablespoons (57g) butter, softened, 1/2 teaspoon Fiori di Sicilia flavoring OR 1 teaspoon vanilla + 1/8 teaspoon orange oil, 2 1/4 teaspoons SAF Gold instant yeast or 1 tablespoon instant yeast, 1 1/4 teaspoons salt, 1/3 cup (67g) sugar, 1/2 cup (85g) golden raisins, 1/2 cup (64g) slivered dried apricots, 1/2 cup (85g) dried cranberries, 1/2 cup (71g) chopped dried pineapple, 2 tablespoons grated orange rind or grated lemon rind (zest)
Yeasted Banana Sandwich Bread, https://www.kingarthurbaking.com/recipes/yeasted-banana-sandwich-bread-recipe, 7/8 to 1 cup (198g to 227g) lukewarm milk, 3 1/4 to 3 1/3 cups (390g to 400g) King Arthur Unbleached Bread Flour, 2 tablespoon (28g) butter, room temperature, 2 1/4 teaspoons instant yeast, 1 teaspoon salt, 2 tablespoons (43g) honey, 3/4 cup (142g) chopped bananas
Irish Soda Bread, https://www.kingarthurbaking.com/recipes/irish-soda-bread-recipe, 2 1/2 cups (276g) King Arthur Irish-Style Wholemeal Flour, 1 1/4 cups (149g) King Arthur Unbleached Bread Flour, 3 tablespoons (35g) sugar, 1 teaspoon baking soda, 3/4 teaspoon salt, 2/3 cup (99g) currants or raisins, 4 tablespoons (57g) butter, cold, cut into 8 pieces, 1 1/3 cups (301g) buttermilk, 1 large egg, 2 tablespoons (28g) butter, melted, optional
Brioche Buns, https://www.kingarthurbaking.com/recipes/brioche-buns-recipe, 2 3/4 cups (326g) King Arthur Unbleached All-Purpose Flour, 1/4 cup (28g) Baker's Special Dry Milk or nonfat dry milk, 2 tablespoons (25g) sugar, 1 1/4 teaspoons salt, 1 tablespoon instant yeast, 3 large eggs, 1 large egg yolk, white reserved for wash (below), 1/4 cup (57g) cool water, 10 tablespoons (142g) unsalted butter, at cool room temperature
Paska, https://www.kingarthurbaking.com/recipes/paska-recipe, 1 cup (227g) lukewarm water, 1/2 cup (113g) whole milk, 1 large egg, 4 tablespoons (57g) unsalted butter, at room temperature, 5 cups (602g) King Arthur Unbleached All-Purpose Flour, 1 tablespoon instant yeast, 2 tablespoons (25g) sugar, 2 1/2 teaspoons salt
Soft Wrap Bread, https://www.kingarthurbaking.com/recipes/soft-wrap-bread-recipe, 3 to 3 1/4 cups (361g to 390g) King Arthur Unbleached All-Purpose Flour, 1 1/4 cups (283g) boiling water, 1/4 cup (43g) potato flour or 1/2 cup (43g) dried potato flakes, 1 1/4 teaspoons salt, 2 tablespoons (25g) vegetable oil, 1 teaspoon instant yeast
Simple Zucchini Bread, https://www.kingarthurbaking.com/recipes/simple-zucchini-bread-recipe, 3/4 cup (159g) brown sugar, packed, 2 tablespoons (43g) boiled cider, or 28g apple juice, orange juice, milk, water, or the liquid of your choice, 1/2 cup (99g) vegetable oil, 2 large eggs, 1 teaspoon vanilla extract, 1/4 teaspoon baking powder, 1/2 teaspoon baking soda, 1 teaspoon salt, 1 1/2 teaspoons cinnamon, optional, 1 3/4 cups (206g) King Arthur Unbleached All-Purpose Flour, 2 cups (198g) grated or shredded zucchini, somewhere between firmly and lightly packed, 3/4 cup (85g) chopped walnuts, toasted until golden, 3/4 cup (128g) raisins or currants, golden raisins preferred, 2 tablespoons (28g) brown sugar, for sprinkling on top, optional
Walter Sands’ Basic White Bread, https://www.kingarthurbaking.com/recipes/walter-sands-basic-white-bread-recipe, 2 cups warm water, 2 tablespoons (25g) sugar or 2 tablespoons (42g) honey, 1 packet active dry yeast, or 2 1/2 teaspoons instant yeast or active dry yeast, 1/2 cup (56g) Baker's Special Dry Milk, 2 tablespoons (28g) soft butter, or 2 tablespoons (23g) vegetable oil, 6 cups (723g) King Arthur Unbleached All-Purpose Flour, 2 teaspoons salt
Golden Pita Bread, https://www.kingarthurbaking.com/recipes/golden-pita-bread-recipe, 3 cups (361g) King Arthur Unbleached All-Purpose Flour, 2 teaspoons instant yeast, 2 teaspoons King Arthur Easy-Roll Dough Improver, 2 teaspoons sugar, 1 1/2 teaspoons salt, 1 cup (227g) water, 2 tablespoons (25g) vegetable oil
Thin Cornmeal Tortillas, https://www.kingarthurbaking.com/recipes/thin-cornmeal-tortillas-recipe, 1 1/3 cups (156g) King Arthur Unbleached All-Purpose Flour, 2/3 cup (78g) yellow cornmeal, 4 tablespoons (50g) corn oil or vegetable oil, 1/2 cup + 1 tablespoon (128g) water, 1/2 teaspoon salt
Simple Tortilla, https://www.kingarthurbaking.com/recipes/simple-tortillas-recipe, 2 1/2 cups (298g) King Arthur Unbleached All-Purpose Flour, plus additional as needed, 1 teaspoon baking powder, 1/2 teaspoon salt, 1/4 cup of any one of the following: 4 tablespoons butter, room temperature (57g), shortening (48g), lard (57g), or vegetable oil (50g), 7/8 to 1 cup (200g to 227g) hot tap water (about 110°F to 120°F)
Rye Tortillas, https://www.kingarthurbaking.com/recipes/rye-tortillas-recipe, 1 3/4 cups (210g) King Arthur Unbleached All-Purpose Flour, 2 cups (212g) medium rye flour, 1 1/2 teaspoons salt, 3 tablespoons (42g) butter or vegetable oil (37g), 1 cup (227g) water, lukewarm
Quick and Easy Flatbreads, https://www.kingarthurbaking.com/recipes/quick-and-easy-flatbreads-recipe, 3/4 cup (170g) lukewarm water, 1 tablespoon (14g) olive oil, 1 teaspoon salt, 2 cups + 2 tablespoons (240g + 14g) King Arthur Unbleached Bread Flour, divided, 1 1/2 teaspoons instant yeast, 1 teaspoon baking powder
Easy Whole Grain Pumpkin-Banana Bread, https://www.kingarthurbaking.com/recipes/easy-whole-grain-pumpkin-banana-bread-recipe, 8 tablespoons (113g) butter, softened, 2/3 cup (142g) brown sugar, packed, 3 tablespoons (64g) honey, 2 large eggs, 1 cup (227g) puréed pumpkin, 1 cup (227g) mashed banana, the riper the better, 2 tablespoons (28g) orange juice or water, 1 teaspoon vanilla extract, 1 1/2 cups (170g) King Arthur White Whole Wheat Flour, 1/4 teaspoon baking powder, 1 teaspoon baking soda, 3/4 teaspoon salt, 1 teaspoon cinnamon, 1/2 cup (57g) diced pecans, toasted, 1 tablespoon coarse white sparkling sugar, to sprinkle on top
Double Chocolate Banana Bread, https://www.kingarthurbaking.com/recipes/double-chocolate-banana-bread-recipe, 1 cup (120g) King Arthur Unbleached All-Purpose Flour, 1 teaspoon baking soda, 1/4 teaspoon salt, 2 tablespoons (11g) unsweetened cocoa, Dutch-process or natural, 8 tablespoons (113g) unsalted butter, softened, 1/2 cup (99g) sugar, 1 large egg, 1 teaspoon vanilla extract, 1 cup (227g) mashed banana (about 2 medium bananas), 1/2 cup (113g) cold sour cream, 1 cup (170g) semisweet chocolate chips, chocolate mini chips preferred
Banana Cinnamon Bundt Cake, https://www.kingarthurbaking.com/recipes/banana-cinnamon-bundt-cake-recipe, 4 tablespoons (57g) unsalted butter, at room temperature, at least 65°F, 1/4 cup (50g) vegetable oil, 1 cup (198g) sugar, 2 large eggs, at room temperature, 1 1/2 cups (340g) mashed banana, 3/4 cup (170g) sour cream or plain yogurt, at room temperature, 1 teaspoon vanilla extract, 2 teaspoons cinnamon, 2 1/4 cups (269g) King Arthur Unbleached All-Purpose Flour, 1 teaspoon baking powder, 1 teaspoon baking soda, 3/4 teaspoon salt, 1/2 cup (71g) cinnamon sweet bits or cinnamon chips
Cream Cheese Icing, https://www.kingarthurbaking.com/recipes/banana-cinnamon-bundt-cake-recipe, 1/2 cup (113g) cream cheese, at room temperature, 1/2 cup (57g) confectioners' sugar, 2 to 4 tablespoons (28g to 57g) milk
Banana Cream Cheese Roll, https://www.kingarthurbaking.com/recipes/banana-cream-cheese-roll-recipe, 2 large eggs, separated, 3/4 cup (149g) granulated sugar, divided, 1 cup (120g) King Arthur Unbleached All-Purpose Flour, 1/2 teaspoon salt, 1/2 teaspoon baking powder, 1/2 teaspoon baking soda, 1/2 cup (113g) mashed ripe banana (about 1 medium banana)
Banana Cream Cheese Roll Syrup, https://www.kingarthurbaking.com/recipes/banana-cream-cheese-roll-recipe, 1 cup (213g) brown sugar, 1/2 cup (113g) water, 2 tablespoons (28g) butter, 2 to 4 tablespoons (28g to 57g) rum
Banana Cream Cheese Roll Filling, https://www.kingarthurbaking.com/recipes/banana-cream-cheese-roll-recipe, 1 cup (227g) cream cheese, softened, 1 cup (113g) confectioners' sugar, 1/4 cup (57g) prepared rum syrup (recipe above), pinch of salt
Banana Chocolate Chip Muffins, https://www.kingarthurbaking.com/recipes/banana-chocolate-chip-muffins-recipe, 8 tablespoons (113g) butter, room temperature, 2/3 cup (131g) sugar, 1 cup (227g) mashed banana, about 2 medium or 1 1/2 large bananas, 1 large egg, 1 teaspoon vanilla extract, 1/8 to 1/4 teaspoon butter rum or coconut flavor, optional, 1/3 cup (74g) milk, 1 1/2 teaspoons baking powder, 1/2 teaspoon baking soda, 1/2 teaspoon salt, 1 cup (120g) King Arthur Unbleached All-Purpose Flour, 1 cup (113g) King Arthur White Whole Wheat Flour, 3/4 cup (128g) chocolate chips, 1 cup (113g) chopped walnuts, pre-toasted in a 350°F oven for 8 minutes, if desired, 1 cup (170g) cinnamon chips, optional but tasty
Banana Bread, https://www.kingarthurbaking.com/recipes/banana-bread-recipe, 8 tablespoons (113g) unsalted butter, at cool room temperature, 2/3 cup (142g) brown sugar, packed, 1 teaspoon vanilla extract, 1 teaspoon cinnamon, 1/4 teaspoon nutmeg, 1 teaspoon baking soda, 1 teaspoon baking powder, 1 teaspoon salt, 1 1/2 cups (340g) mashed ripe banana (from about 1 1/2 pounds unpeeled bananas), 3 tablespoons (64g) apricot jam or orange marmalade, optional but tasty, 1/4 cup (85g) honey, 2 large eggs, 2 1/4 cups (269g) King Arthur Unbleached All-Purpose Flour, 1/2 cup (57g) chopped walnuts, optional
Banana Fudge Cookies, https://www.kingarthurbaking.com/recipes/banana-fudge-cookies-recipe, 8 tablespoons (113g) butter, softened, 1 cup (198g) sugar, 1 large egg, at room temperature, 1 teaspoon vanilla, 1/4 teaspoon baking soda, 1/4 teaspoon salt, 1/4 teaspoon baking powder, 1/2 cup (43g) unsweetened cocoa, Dutch-process or natural, 1 3/4 cups (213g) King Arthur Unbleached All-Purpose Flour, 1 cup (170g) semisweet chocolate chips, 1/4 cup (78g) sweetened condensed milk, 2 medium-sized bananas, peeled and sliced 1/4" thick
Famous Department Store Blueberry Muffins, https://www.kingarthurbaking.com/recipes/famous-department-store-blueberry-muffins-recipe, 8 tablespoons (113g) butter, at room temperature, 1 cup (198g) sugar, 2 large eggs, 2 teaspoons baking powder, 1/2 teaspoon salt, 1 teaspoon vanilla extract, 2 cups (241g) King Arthur Unbleached All-Purpose Flour, 1/2 cup (113g) milk, 2 1/2 cups (354g) blueberries, fresh preferred, 1/4 cup (50g) sugar, for topping
Doughnut Muffins, ,https://www.kingarthurbaking.com/recipes/doughnut-muffins-recipe, 4 tablespoons (57g) butter, 1/4 cup (50g) vegetable oil, 1/2 cup (99g) granulated sugar, 1/3 cup (71g) brown sugar, packed, 2 large eggs, 1 1/2 teaspoons baking powder, 1/4 teaspoon baking soda, 1 to 1 1/4 teaspoons nutmeg, to taste, 3/4 teaspoon salt, 1 teaspoon vanilla extract, 2 2/3 cups (319g) King Arthur Unbleached All-Purpose Flour, 1 cup (227g) milk
Popovers, https://www.kingarthurbaking.com/recipes/popovers-recipe, 4 large eggs, warmed in a cup of hot water for 10 minutes before cracking, 1 1/2 cups (340g) milk (skim, low-fat, or full-fat), lukewarm, 1/2 to 3/4 teaspoon salt, 1 1/2 cups (177g) King Arthur Unbleached All-Purpose Flour, 3 tablespoons (43g) melted butter
Apple Muffins, https://www.kingarthurbaking.com/recipes/apple-muffins-recipe, 8 tablespoons (113g) unsalted butter, at room temperature, 1/2 cup (99g) granulated sugar, 3/4 cup (159g) brown sugar, divided, 1 large egg, 1 cup (227g) buttermilk or plain (not Greek-style) yogurt; or 3/4 cup (170g), Greek-style yogurt + 1/4 cup (57g) milk, 1 cup (113g) King Arthur White Whole Wheat Flour, 1 cup (120g) King Arthur Unbleached All-Purpose Flour, 1 teaspoon baking powder, 1 teaspoon baking soda, 1/4 teaspoon salt, 1 tablespoon cinnamon, 2 large (213g) peeled cored chopped apples
Chocolate Breakfast Muffins, https://www.kingarthurbaking.com/recipes/chocolate-breakfast-muffins-recipe, 2/3 cup (57g) Dutch-process cocoa, 2 cups (241g) King Arthur Unbleached All-Purpose Flour, 1 1/4 cups (266g) light brown sugar, 1 teaspoon baking powder, 3/4 teaspoon espresso powder, optional, 1 teaspoon baking soda, 3/4 teaspoon salt, 1 cup (170g) chocolate chips, 2 large eggs, 3/4 cup (170g) milk, 2 teaspoons vanilla extract, 2 teaspoons vinegar, 8 tablespoons (113g) melted unsalted butter or 1/3 cup (66g) vegetable oil
Cornbread, https://www.kingarthurbaking.com/recipes/cornbread-recipe, 1 3/4 cups (206g) King Arthur Unbleached All-Purpose Flour, 1 cup (156g) cornmeal, 1/4 cup (50g) sugar, 2 teaspoons baking powder, 1/4 teaspoon baking soda, 1/2 to 3/4 teaspoon salt, to taste, 1 1/4 cups (283g) lukewarm milk, 4 tablespoons (57g) unsalted butter, melted, cooled, 1/4 cup (50g) vegetable oil, 1 large egg
Sourdough Popovers, https://www.kingarthurbaking.com/recipes/sourdough-popovers-recipe, 1 cup (227g) milk (full-fat, reduced-fat, or skim), 3 large eggs, 1/2 cup (113g) sourdough starter, ripe (fed) or discard, 3/4 teaspoon salt, 1 cup (120g) King Arthur Unbleached All-Purpose Flour
Irish Soda Bread Muffins, https://www.kingarthurbaking.com/recipes/irish-soda-bread-muffins-recipe, 1 1/2 cups (177g) King Arthur Unbleached All-Purpose Flour, 3/4 cup (85g) King Arthur 100% White Whole Wheat Flour, 2 teaspoons baking powder, 1/4 teaspoon baking soda, 1/2 teaspoon salt, 1/3 cup (74g) granulated sugar, 1 1/2 cups (170g) currants (first choice) or raisins, 1/2 to 2 teaspoons caraway seeds, to taste, 1 large egg, 1 cup (227g) buttermilk, yogurt, or sour cream, 6 tablespoons (85g) butter, melted; or 1/3 cup (67g) vegetable oil, sparkling white sugar, for topping
Golden Chocolate Chip Muffins, https://www.kingarthurbaking.com/recipes/golden-chocolate-chip-muffins-recipe, 8 tablespoons (113g) butter, softened, 1 cup (198g) granulated sugar, 2 teaspoons baking powder, 1/2 teaspoon salt, 1 teaspoon vanilla extract, 1/8 to 1/2 teaspoon extra-strong flavor, optional, 2 large eggs, 1/2 cup (113g) milk, 2 cups (241g) King Arthur White Whole Wheat Flour, 2 cups (340g) chocolate chips
Banana Muffins, https://www.kingarthurbaking.com/recipes/banana-muffins-recipe, 1/2 cup (113g) yogurt, 1 large egg, 1/4 cup (50g) vegetable oil, 1 1/2 cups (340g to 369g) mashed banana, 3/4 cup (149g) granulated sugar, 1 cup (113g) oat bran, 1 1/2 cups (177g) King Arthur Unbleached All-Purpose Flour, 2 teaspoons baking powder, 1/2 teaspoon salt, 1/2 teaspoon baking soda, 1/4 teaspoon nutmeg
Banana Muffin Topping, https://www.kingarthurbaking.com/recipes/banana-muffins-recipe, 1/4 cup (53g) brown sugar, 1/4 cup (21g) old-fashioned rolled oats, 2 tablespoons (14g) King Arthur Unbleached All-Purpose Flour, 1/4 teaspoon cinnamon, 1 tablespoon (14g) soft butter
Cream Cheese Carrot Cake Muffins, https://www.kingarthurbaking.com/recipes/cream-cheese-carrot-cake-muffins-recipe, 2 1/4 cups (269g) King Arthur Unbleached All-Purpose Flour, 1/2 cup (99g) granulated sugar, 1/4 cup (53g) light brown sugar, packed, 1 1/2 teaspoons baking powder, 1/4 teaspoon baking soda, 1 1/2 teaspoons cinnamon, 3/4 teaspoon ginger, 3/4 teaspoon salt, 2 large eggs, 3/4 cup (170g) water, 1/3 cup (67g) vegetable oil, 1 cup (135g) grated carrots, lightly packed; about 2 medium-large carrots
Cream Cheese Muffin Filling, https://www.kingarthurbaking.com/recipes/cream-cheese-carrot-cake-muffins-recipe, one 8 ounce package cream cheese or Neufchâtel cheese, 1/4 cup (50g) granulated sugar, a few drops of Fiori di Sicilia flavor, optional but very tasty
Cherry-Almond Muffins, https://www.kingarthurbaking.com/recipes/cherry-almond-muffins-recipe, 8 tablespoons (113g) butter, softened, 1 cup (198g) granulated sugar, 2 large eggs, 1 teaspoon almond extract, 2 cups (241g) King Arthur Unbleached All-Purpose Flour, 2 teaspoons baking powder, 1/2 teaspoon salt, 1/2 cup (113g) milk, 1 cup (113g) slivered almonds, lightly toasted, 2 cups (320g) cherries, pitted, coarsely chopped, and drained
Easy Self-Rising Blueberry Muffins, https://www.kingarthurbaking.com/recipes/easy-self-rising-blueberry-muffins-recipe, 2 3/4 cups (312g) King Arthur Unbleached Self-Rising Flour, 3/4 cup (149g) granulated sugar, 3/4 cup (170g) milk or buttermilk, or 2/3 cup (152g) liquid whey (drained from yogurt), 1/4 cup (50g) vegetable oil, 2 large eggs, 1 teaspoon vanilla extract, 1 to 1 1/2 cups (142g to 213g) fresh or frozen blueberries, 1 tablespoon cinnamon-sugar or coarse white sparkling sugar, optional, for sprinkling on top
Panettone Muffins, https://www.kingarthurbaking.com/recipes/panettone-muffins-recipe, 1 1/2 cups (213g to 255g) diced dried fruit, 1/4 cup (57g) apple juice, orange juice, rum, or a mixture, 4 tablespoons (57g) butter, room temperature, 2 tablespoons (25g) vegetable oil, 2/3 cup (131g) granulated sugar, 2 large eggs, 1/8 to 1/4 teaspoon Fiori di Sicilia, to taste, 1 teaspoon vanilla extract, 2 tablespoons (14g) Cake Enhancer, optional, for enhanced freshness, 2 teaspoons baking powder, 1/2 teaspoon salt, 2 1/4 cups (269g) King Arthur Unbleached All-Purpose Flour, 2/3 cup (152g) milk, 2 generous tablespoons (32g) coarse white sparkling sugar, for topping
Oat Muffins, https://www.kingarthurbaking.com/recipes/oat-muffins-recipe, 1 1/2 cups (177g) King Arthur Unbleached All-Purpose Flour, 1/2 cup (50g) quick-cooking or old-fashioned oats, 1/2 cup (106g) brown sugar, packed, 1/2 teaspoon salt, 1 tablespoon baking powder, 1 cup (227g) milk, 5 tablespoons (71g) melted unsalted butter or 1/3 cup (67g) vegetable oil, 2 large eggs, 1 teaspoon vanilla extract
Gluten-Free Corn Muffins, https://www.kingarthurbaking.com/recipes/gluten-free-corn-muffins-recipe, 1 3/4 cups (273g) King Arthur Gluten-Free All-Purpose Flour, 1 cup (138g) gluten-free cornmeal, 1 1/4 cups (283g) buttermilk or heavy cream, 8 tablespoons (113g) butter, softened, 3 tablespoons (64g) honey, 1 large egg, 2 teaspoons baking powder, 1/4 teaspoon baking soda, 1/2 teaspoon salt
Self-Rising Soft and Tender Breakfast Muffins, https://www.kingarthurbaking.com/recipes/self-rising-soft-and-tender-breakfast-muffins-recipe, 1 1/2 cups (170g) King Arthur Unbleached Self-Rising Flour, 1/2 cup (99g) granulated sugar, 1 cup (128g to 170g) diced dried apple, dried cranberries, raisins, or other dried fruit; or nuts; or chips, 1 large egg, 1 teaspoon vanilla extract, 1/2 cup (113g) milk or buttermilk, or 1/3 cup (74g) liquid whey, 5 tablespoons (74g) butter, melted
Breakfast Muffin Topping, https://www.kingarthurbaking.com/recipes/self-rising-soft-and-tender-breakfast-muffins-recipe, 2 tablespoons (28g) butter, melted, 1/4 cup (50g) granulated sugar mixed, 1 teaspoon cinnamon
Carrot Muffins, https://www.kingarthurbaking.com/recipes/carrot-muffins-recipe, 2 1/4 cups (269g) King Arthur Unbleached All-Purpose Flour, 1/2 cup (99g) granulated sugar, 1/4 cup (53g) brown sugar, packed, 1 1/2 teaspoons baking powder, 1/4 teaspoon baking soda, 1 1/2 teaspoons cinnamon, 3/4 teaspoon ginger, 3/4 teaspoon salt, 1/2 cup (85g) golden raisins, 1/3 cup (39g) diced walnuts or 1/3 cup (64g) diced crystallized ginger, 2 large eggs, 3/4 cup (170g) water, 1/3 cup (67g) vegetable oil, 1 1/2 cups (149g) grated carrots, lightly packed; about 2 medium-large carrots
Ginger-Carrot Muffins, https://www.kingarthurbaking.com/recipes/ginger-carrot-muffins-recipe, 1 3/4 cups (198g) King Arthur White Whole Wheat Flour, 1/2 cup (46g) oat flour, 3/4 cup (149g) sugar, 1/2 cup (53g) flax meal, 1 teaspoon baking powder, 1/4 teaspoon baking soda, 1 teaspoon cinnamon, 1/2 teaspoon salt, 1/4 to 1/2 cup (39g to 78g) mini diced ginger, 1/4 cup (28g) walnuts, chopped, 2 large eggs, 1 cup (227g) buttermilk, 1/3 cup (67g) vegetable oil, 2 cups (198g) grated carrots
Zucchini and Carrot Muffins, https://www.kingarthurbaking.com/recipes/zucchini-carrot-muffins-recipe, 1/2 cup (99g) sugar, 2 tablespoons (25g) vegetable oil, 1/2 teaspoon salt, 1 large egg, 1 cup (170g) grated zucchini, 1 cup (120g) grated carrots, 1/4 cup (35g) dried fruit (we prefer dried pineapple), or cinnamon chips, 1/4 cup (28g) chopped nuts, 3/4 cup (85g) King Arthur White Whole Wheat Flour, 1/4 cup whole flax meal, 1 teaspoon baking powder, 1 teaspoon Vietnamese cinnamon
Pumpkin Bran Muffins, https://www.kingarthurbaking.com/recipes/pumpkin-bran-muffins-recipe, 425g pumpkin purée, 1 cup (60g) bran flakes cereal, 4 tablespoons (57g) unsalted butter, melted, 1/2 cup (99g) granulated sugar, 2 tablespoons (25g) brown sugar, packed, 2 large eggs, 3/4 cup (170g) buttermilk, 1 1/4 cups (149g) King Arthur Unbleached All-Purpose Flour, 1/2 teaspoon salt, 1/2 teaspoon ginger, 1/2 teaspoon allspice, 1/4 teaspoon cinnamon, 1 teaspoon baking soda, 1 teaspoon baking powder, 1 cup (142g) dried cranberries or raisins, packed
Pumpkin Cake Doughnuts, https://www.kingarthurbaking.com/recipes/pumpkin-cake-doughnuts-recipe, 1/2 cup (99g) vegetable oil, 3 large eggs, 1 to 1 1/2 cups (198g to 298g) granulated sugar, 1 1/2 cups (340g) pumpkin purée (canned pumpkin), 1 1/2 teaspoons pumpkin pie spice, 1 1/2 teaspoons salt, 1 1/2 teaspoons baking powder, 1 3/4 cups + 2 tablespoons (227g) King Arthur Unbleached All-Purpose Flour
Pumpkin Cake Bars, https://www.kingarthurbaking.com/recipes/pumpkin-cake-bars-with-cream-cheese-frosting-recipe, 1 cup (198g) vegetable oil, 1 cup (213g) brown sugar, packed, 1/2 cup (99g) granulated sugar, 4 large eggs, 1 cup (227g) pumpkin purée, 1 teaspoon baking soda, 1 teaspoon baking powder, 1/2 teaspoon salt, 1 tablespoon pumpkin pie spice, or 1 1/2 teaspoons cinnamon and 1/2 teaspoon each ginger, nutmeg, and cloves, 2 cups (241g) King Arthur Unbleached All-Purpose Flour, 1/2 cup (57g) toasted chopped walnuts, 1 cup (170g) golden raisins
Pumpkin Cake Bars Cream Cheese Frosting, https://www.kingarthurbaking.com/recipes/pumpkin-cake-bars-with-cream-cheese-frosting-recipe, 8 ounces (227g) cream cheese, softened, 4 tablespoons (57g) unsalted butter, softened, 2 tablespoons (39g) maple syrup, 2 1/2 cups (283g) confectioners' sugar, sifted, 1/8 teaspoon salt, 1 cup (113g) toasted walnut pieces
Cream Cheese Frosting, https://www.kingarthurbaking.com/recipes/cream-cheese-frosting-recipe, 6 tablespoons (85g) butter, at room temperature, 1 (8 ounce) package (227g) cream cheese, softened, 1 teaspoon vanilla extract, 3 1/2 to 4 cups (397g to 454g) confectioners' sugar, 1 cup (113g) chopped nuts, optional, 1/2 cup (85g) minced candied ginger, optional, 2 to 4 tablespoons (28g to 57g) milk, to make frosting spreadable
Pumpkin Spice Cake, https://www.kingarthurbaking.com/recipes/pumpkin-spice-cake-recipe, 1 3/4 cups (206g) King Arthur White Whole Wheat Flour, 1 cup (213g) brown sugar, packed, 1/2 teaspoon salt, 1/2 teaspoon baking soda, 1/4 teaspoon baking powder, 1 teaspoon ginger, 1/2 teaspoon cinnamon, 1/2 teaspoon nutmeg, 1 teaspoon vanilla extract, 6 tablespoons (74g) vegetable oil, 1 cup (227g) pumpkin purée, 1/2 cup (113g) water or almond milk, 1 cup (142g to 170g) raisins, walnuts, or dried cranberries
Pumpkin-Chocolate Chip Cake, https://www.kingarthurbaking.com/recipes/pumpkin-chocolate-chip-cake-recipe, 4 large eggs, at room temperature, 1 can (425g) pumpkin purée, 1 cup (198g) vegetable oil, 1 cup (60g) bran cereal, 2 cups (241g) King Arthur Unbleached All-Purpose Flour, 1 teaspoon baking soda, 2 teaspoons baking powder, 1/2 teaspoon salt, 2 cups (397g) granulated sugar, 1/2 teaspoon cloves, 1/2 teaspoon cinnamon, 1/4 teaspoons allspice, 1/4 teaspoon ginger, 1 cup (113g) chopped walnuts, 2 2/3 cups (454g) chocolate chips
Pumpkin Cheesecake, https://www.kingarthurbaking.com/recipes/pumpkin-cheesecake-with-gingersnap-crust-recipe, 3 8-ounce packages (680g) cream cheese, at room temperature, 1 3/4 cups (347g) sugar, 1 teaspoon cinnamon, 1/2 teaspoon ginger, 1/4 teaspoon nutmeg, 1/8 teaspoon cloves, 1/4 cup (28g) King Arthur Unbleached All-Purpose Flour, 1 teaspoon vanilla, 1 cup (227g) pumpkin puree (not pumpkin pie filling mix), 5 large eggs, at room temperature, 1/2 cup (113g) sour cream, at room temperature
Gingersnap Crust, https://www.kingarthurbaking.com/recipes/pumpkin-cheesecake-with-gingersnap-crust-recipe, 1 1/4 cups (191g) gingersnap cookie crumbs, 1/4 cup (28g) King Arthur Unbleached All-Purpose Flour, 1/4 to 1/2 teaspoon ginger, 2 tablespoons (28g) brown sugar, packed, 4 tablespoons (57g) butter, melted
Sweet Potato Rolls, https://www.kingarthurbaking.com/recipes/sweet-potato-rolls-recipe, 2 tablespoons (18g) active dry yeast or 1 1/2 tablespoons (14g) instant yeast, 1/4 cup (50g) granulated sugar, 1/2 cup (113g) warm water, 3 tablespoons (43g) butter, 1 1/2 teaspoons salt, 1 teaspoon cinnamon, 3 large eggs, 3 1/2 to 4 cups (418g to 482g) King Arthur Unbleached All-Purpose Flour, 1/2 cup (106g) mashed sweet potato, yam, squash, pumpkin, or regular potato
Pumpkin Chocolate Chip Cookies, https://www.kingarthurbaking.com/recipes/pumpkin-chocolate-chip-cookies-recipe, 2 1/4 cups (269g) King Arthur Unbleached All-Purpose Flour, 1 teaspoon baking powder, 1/2 teaspoon baking soda, 1/2 teaspoon salt, 1 1/2 teaspoons cinnamon, 1/2 teaspoon ginger, 16 tablespoons (227g) unsalted butter, softened, 1/2 cup (106g) brown sugar, 1/2 cup (99g) granulated sugar, one 15-ounce can (425g) pumpkin, 2 large eggs, 1 teaspoon vanilla extract, grated rind (zest) of 1 orange, optional, 2 cups (340g) semisweet chocolate chips, 1 cup (113g) chopped walnuts
Scones, https://www.kingarthurbaking.com/recipes/scones-recipe, 2 3/4 cups (326g) King Arthur Unbleached All-Purpose Flour, 1/3 cup (67g) sugar, 3/4 teaspoon salt, 1 tablespoon baking powder, 8 tablespoons (113g) butter, cold, 1 cup to 2 cups chopped dried fruit, chocolate or other flavored chips, nuts, Jammy Bits, or a combination, optional, 2 large eggs, 2 teaspoons vanilla extract or the flavoring, of your choice, 1/2 cup to 2/3 cup (113g to 152g) half-and-half or milk
Harvest Pumpkin Scones, https://www.kingarthurbaking.com/recipes/harvest-pumpkin-scones-recipe, 2 3/4 cups (326g) King Arthur Unbleached All-Purpose Flour, 1/3 cup (74g) granulated sugar, 1 tablespoon baking powder, 3/4 teaspoon salt, 1 1/2 teaspoons pumpkin pie spice, 8 tablespoons (113g) butter, cold, 1 cup to 2 cups (184g to 369g) minced crystallized ginger, cinnamon chips, or cinnamon sweet bits, 2/3 cup (152g) canned pumpkin, 2 large eggs, coarse white sparkling sugar, for topping
Blueberry Scones, https://www.kingarthurbaking.com/recipes/blueberry-scones-recipe, 2 cups (241g) King Arthur Unbleached All-Purpose Flour, 1/2 teaspoon salt, 1/4 cup (50g) granulated sugar, 1 tablespoon (12g) baking powder, 6 tablespoons (85g) cold butter, cut into pieces, 1 cup (142g) fresh blueberries, or Blueberry Jammy Bits, 2 large eggs, beaten, 1/4 cup (57g) yogurt, plain or flavored (vanilla is good), 1 teaspoon vanilla extract, 1 tablespoon (6g) grated lemon rind (zest), or 1/4 teaspoon lemon oil, 1/2 teaspoon almond extract, 2 tablespoons (36g) sparkling white sugar, for sprinkling on top
Tender Peach Scones, https://www.kingarthurbaking.com/recipes/tender-peach-scones-recipe, 2 cups (241g) King Arthur Unbleached All-Purpose Flour, 1/2 teaspoon salt, 1/3 cup (67g) granulated sugar, 1/4 to 3/4 teaspoon nutmeg, to taste, 1 tablespoon baking powder, 6 tablespoons (85g) butter, cold, cut into pieces, 2 large eggs, 1/3 cup (74g) full-fat or low-fat (not nonfat) vanilla yogurt or sour cream, 1/2 teaspoon almond extract, 1 cup (142g) diced peach, peeled or not; fresh, frozen/thawed, or canned, coarse white sparkling sugar, optional; for sprinkling on top, 1 teaspoon vanilla extract
Strawberries and Cream Scones, https://www.kingarthurbaking.com/recipes/strawberries-cream-scones-recipe, 1/2 cup (71g) diced fresh strawberries, 1/4 cup (50g) granulated sugar, 2 tablespoons (28g) half & half or light cream, 2 cups (241g) King Arthur Unbleached All-Purpose Flour or 2 cups (227g) Pastry Flour Blend, 1/2 teaspoon salt, 1 tablespoon baking powder, 6 tablespoons (85g) cold butter, cut into pieces, 1 large egg, 2 teaspoons vanilla extract, a few drops Fiori di Sicilia, optional, 2/3 cup (99g) diced fresh strawberries
Glaze, https://www.kingarthurbaking.com/recipes/strawberries-cream-scones-recipe, 3 tablespoons (35g) sugar, 1 1/2 teaspoons vanilla extract, 1 teaspoon water
Triple Chocolate Scones, https://www.kingarthurbaking.com/recipes/triple-chocolate-scones-recipe, 2 cups (241g) King Arthur Unbleached All-Purpose Flour, 2/3 cup (74g) King Arthur White Whole Wheat Flour, 1/3 cup (28g) Dutch-process cocoa, 1/2 teaspoon espresso powder, optional for flavor and color, 1/2 cup (99g) granulated sugar, 1 tablespoon baking powder, 1/2 teaspoon baking soda, 3/4 teaspoon salt, 8 tablespoons (113g) butter, cold, cut into pats, 1 1/2 cups (170g) semisweet or bittersweet chocolate chips, 1 teaspoon vanilla extract, 1 large egg, 3/4 cup + 2 tablespoons (198g) milk
Chocolate Glaze, https://www.kingarthurbaking.com/recipes/triple-chocolate-scones-recipe, 2/3 cup (113g) semisweet or bittersweet chocolate chips, 1/4 cup (57g) half & half or liquid coffee creamer
Cinnamon-Eggnog Scones, https://www.kingarthurbaking.com/recipes/cinnamon-eggnog-scones-recipe, 2 3/4 cups (326g) King Arthur Unbleached All-Purpose Flour, 1/4 cup (50g) sugar, 3/4 teaspoon salt, 1 tablespoon baking powder, 1/2 teaspoon nutmeg, 8 tablespoons (113g) butter, cold, cut into pats or small cubes, 1 cup (156g) cinnamon chips or cinnamon sweet bits, 1 large egg, 1 teaspoon vanilla extract or 1/2 teaspoon eggnog flavor, 3/4 cup (199g) cold eggnog
Simply Perfect Pancakes, https://www.kingarthurbaking.com/recipes/simply-perfect-pancakes-recipe, 2 large eggs, 1 1/4 cups (283g) milk, 3 tablespoons (43g) melted butter or vegetable oil, 1 1/2 cups (184g) King Arthur Unbleached All-Purpose Flour, 3/4 teaspoon salt, 2 teaspoons baking powder, 2 tablespoons (25g) sugar or 1/4 cup (35g) malted milk powder
Belgian-Style Yeast Waffles, https://www.kingarthurbaking.com/recipes/belgian-style-yeast-waffles-recipe, 1 1/2 cups (340g) lukewarm milk, 6 tablespoons (85g) butter, melted, 2 to 3 tablespoons (39g to 57g) maple syrup, optional, 3/4 teaspoon salt, 1 teaspoon vanilla extract, 2 large eggs, 2 cups (241g) King Arthur Unbleached All-Purpose Flour, 1 1/2 teaspoons instant yeast
Whole Wheat Waffle, https://www.kingarthurbaking.com/recipes/whole-wheat-waffles-recipe, 1 1/2 cups (170g) King Arthur White Whole Wheat Flour, 2 teaspoons baking powder, 1/2 teaspoon salt, 2 tablespoons (25g) granulated sugar, 1 large egg, 1 1/2 cups (340g) lukewarm milk, 5 tablespoons (71g) melted butter or 1/3 cup (67g) vegetable oil
Classic Buttermilk Waffle, https://www.kingarthurbaking.com/recipes/classic-buttermilk-waffles-recipe, 2 large eggs, 1 3/4 cups (397g) buttermilk, 8 tablespoons (113g) butter, melted, cooled, 2 teaspoons vanilla extract, 2 cups (227g) King Arthur Pastry Flour Blend or 1 3/4 cups (206g) King Arthur Unbleached All-Purpose Flour, 2 tablespoons (25g) sugar, 2 teaspoons baking powder, 1 teaspoon baking soda, 1 teaspoon salt, 1/2 cup pecan meal or almond flour, optional; for flavor
Buttermilk Pancakes, https://www.kingarthurbaking.com/recipes/buttermilk-pancakes-recipe, 2 cups (241g) King Arthur Unbleached All-Purpose Flour, 3 tablespoons (35g) sugar, 1 teaspoon baking powder, 1 teaspoon baking soda, 1/2 teaspoon salt, 1 large egg, 2 cups (454g) buttermilk, 2 tablespoons (28g) melted butter or 2 tablespoons (25g) vegetable oil, 1 1/2 teaspoons vanilla extract, optional
The Best Waffles Ever, https://www.kingarthurbaking.com/recipes/the-best-waffles-ever-recipe, 2 large eggs, at room temperature; separated, 1 1/2 cups (340g) buttermilk, at room temperature, 2 tablespoons (28g) melted butter, 2 tablespoons (25g) vegetable oil, for added crispness; optional, but good, 1 cup (120g) King Arthur Unbleached All-Purpose Flour, 4 teaspoons yellow cornmeal or cornstarch, 1 teaspoon baking powder, 1/2 teaspoon baking soda, 1/4 teaspoon salt, 1/2 teaspoon sugar
Almond Flour Pancakes, https://www.kingarthurbaking.com/recipes/almond-flour-pancakes-recipe, 2 cups (192g) almond flour, 1/4 cup (39g) King Arthur Gluten-Free All-Purpose Flour, 2 teaspoons baking powder, 1/2 teaspoon salt, 2 tablespoons (25g) sugar, 2 large eggs, 2 tablespoons (28g) melted butter or 2 tablespoons (25g) vegetable oil, 1 cup (227g) milk, 1 teaspoon vanilla extract
Lemon Puff Pancake with Fresh Berries, https://www.kingarthurbaking.com/recipes/lemon-puff-pancake-with-fresh-berries-recipe, 2 tablespoons (27g) butter, divided, 1/3 cup (39g) King Arthur Unbleached All-Purpose Flour, heaping 1/8 teaspoon salt, 1 teaspoon granulated sugar, 1/4 cup (57g) milk, 1/2 teaspoon vanilla extract, 2 large eggs
Parisian Street Vendor Crepes, https://www.kingarthurbaking.com/recipes/parisian-street-vendor-crepes-recipe, 2 cups (241g) King Arthur Unbleached All-Purpose Flour, 1/2 to 3/4 teaspoon salt, to taste, 1 1/2 cups (340g) milk, 4 large eggs, 4 tablespoons (57g) butter, melted
Oat and Yogurt Pancakes, https://www.kingarthurbaking.com/recipes/oat-and-yogurt-pancakes-recipe, 2 large eggs, 3 tablespoons (43g) butter, melted or vegetable oil, 1 1/4 cups (283g) plain yogurt, 1 cup (120g) King Arthur Unbleached All-Purpose Flour, 1/2 cup (50g) oat flour, 1/4 cup (32g) Hi-maize Fiber or 1/4 (32g) King Arthur Unbleached All-Purpose Flour, 3/4 teaspoon salt, 1 teaspoon baking soda, 1/2 teaspoon baking powder, 1/4 cup (39g) malted milk powder or 2 tablespoons (25g) granulated sugar, 2 to 4 tablespoons (28g to 57g) milk or apple juice
Strudel Dough, https://www.kingarthurbaking.com/recipes/strudel-dough-recipe, 2 1/2 cups (298g) King Arthur Unbleached Bread Flour, 1/2 teaspoon salt, 3/4 cup (170g) warm water, 2 large egg yolks, 2 teaspoons vegetable oil, 1 teaspoon white vinegar
Streusel Topping, https://www.kingarthurbaking.com/recipes/streusel-topping-recipe, 1/2 cup (57g) King Arthur Unbleached All-Purpose Flour, 1/4 cup (53g) brown sugar (packed), light or dark, 1/4 cup (25g) old-fashioned rolled oats or quick oats (not instant), 1/8 teaspoon salt, 4 tablespoons (57g) butter, at firm room temperature
Chocolate Babka Dough, https://www.kingarthurbaking.com/recipes/chocolate-babka-recipe, 1 to 1 1/4 cups (227g to 283g) lukewarm water, 2 large eggs, 6 1/4 cups (751g) King Arthur Unbleached All-Purpose Flour, 1/3 cup (37g) Baker's Special Dry Milk or nonfat dry milk, 2 tablespoons instant yeast, SAF Red or SAF Gold instant yeast preferred, 1/2 teaspoon cinnamon, 1/2 cup (99g) sugar, 2 1/2 teaspoons salt, 10 tablespoons (142g) unsalted butter, at room temperature, 1 tablespoon (14g) vanilla extract
Chocolate Babka Filling, https://www.kingarthurbaking.com/recipes/chocolate-babka-recipe, 1/2 cup (99g) sugar, 1/2 teaspoon cinnamon, 1/3 cup (28g) unsweetened cocoa, Dutch-process or natural, 1/2 teaspoon espresso powder, 4 tablespoons (57g) butter, melted, 1 cup (170g) finely chopped semisweet chocolate or semisweet chocolate chips, mini chips preferred, 1 cup (113g) diced pecans or walnuts, toasted if desired